Player_ID,Player_Name,Season,Team,Country,Role,Matches,Innings,Runs,Highest_Score,Average,Strike_Rate,Fours,Sixes,Wickets,Economy,Bowling_Average,Catches,Player_Price_Cr,Status,Date_Updated
P175, MS DHONI ,2025,Chennai Super Kings,India,Bowler,7,4,361,101,32.39,101.64,77,7,3,6.65,41.65,9,,Released,16/08/2024
P183,Ruturaj Gaikwad,2024,CSK,,Bowler,3,4,819,13,59.13,350,46,46,30,11.21,34.15,13,,Playing,9/16/2025
P089,Suryakumar Yadav,2025,CSK,,Batter,4,4,446,148,65.88,150.3,29,29,27,8.26,43.26,15,,Playing,24/04/2024
P095,Ruturaj Gaikwad,2024,CSK,England,All-rounder,14,12,864,104,9.45,-10,39,1,6,8.97,40.47,9,,Playing,2/5/2025
P009,Rohit Sharma,2023,MI,Australia,Wicket Keeper,10,10,107,21,75.55,90.84,55,58,22,8.22,14.23,10,9.92,Retained,5/3/2024
P027,KL Rahul,2024,RCB,England,Bowler,4,10,898,61,28.95,-10,54,18,0,3.65,43.44,13,,Injured,7/2/2023
P184,RAVINDRA JADEJA,2025,RCB,,Wicket Keeper,2,10,,72,23.07,131.68,43,23,16,10.68,19.43,17,18.62,Released,2/9/2025
P112,Ravindra Jadeja,2025,Mumbai Indians,,Batter,2,11,,69,75.39,,17,36,18,5.63,22.67,7,,Injured,16/09/2024
P161,Shubman Gill,2024,Royal Challengers Bengaluru,England,Wicket Keeper,9,3,436,68,31.32,-10,65,14,13,7.91,14.55,13,24.12,Playing,5/11/2025
P213, Shubman Gill ,2024,Mumbai Indians,South Africa,Bowler,6,13,795,102,17.67,,62,2,23,11.18,37.28,1,,Injured,10/10/2023
P158,Ruturaj Gaikwad,2023,CSK,New Zealand,Wicket Keeper,6,9,366,38,60.77,,74,5,1,4.95,16.59,15,11.9,Injured,23/08/2024
P058, SURYAKUMAR YADAV ,2023,Mumbai Indians,Australia,All-rounder,2,4,207,45,50.17,139.43,5,10,25,11.08,15.58,8,22.64,Released,12/18/2023
P089, Shubman Gill ,2024,CSK,India,Batter,2,3,,63,53.29,85.02,76,54,28,3.82,49.83,8,8.06,Playing,6/24/2025
P194, Jasprit Bumrah ,2024,CSK,India,Wicket Keeper,8,6,214,37,66.5,,10,17,29,3.49,31.41,7,21.56,Released,4/30/2025
P113, KL RAHUL ,2025,Kolkata Knight Riders,India,Bowler,14,2,546,109,28.27,,22,34,8,6.55,18.92,14,4.46,Retained,9/4/2023
P158,SURYAKUMAR YADAV,2024,Kolkata Knight Riders,,Batter,10,10,,20,9.03,350,59,41,20,5.63,10.56,19,24.47,Released,6/8/2025
P112,Suryakumar Yadav,2023,Mumbai Indians,England,Wicket Keeper,7,0,525,134,34.18,80.51,48,50,28,8.09,31.81,11,20.14,Released,8/16/2023
P057,Hardik Pandya,2024,KKR,India,Batter,8,2,489,104,73.54,-10,8,0,4,10.61,46.78,7,,Playing,7/26/2023
P176, KL Rahul ,2024,RCB,India,Batter,8,9,22,24,78.5,82.7,98,23,10,8.68,27.07,14,10.58,Playing,6/14/2024
P133,Suryakumar Yadav,2023,Royal Challengers Bengaluru,,Wicket Keeper,14,13,,1,9.72,169.09,24,16,16,3.35,10.65,11,,Injured,1/14/2025
P001,Hardik Pandya,2024,Kolkata Knight Riders,South Africa,Bowler,10,6,681,2,51.76,,99,1,3,10.9,12.44,2,,Retained,25/05/2023
P077,Rohit Sharma,2025,CSK,South Africa,Wicket Keeper,3,10,225,68,47.4,,60,15,22,8.62,14.93,20,4.64,Retained,11/7/2025
P004,Hardik Pandya,2025,SRH,India,Wicket Keeper,10,4,565,135,59.32,350,9,59,28,7,20.88,6,14.47,Released,4/13/2024
P181, Ruturaj Gaikwad ,2025,Sunrisers Hyderabad,New Zealand,All-rounder,3,8,,107,54.42,,59,3,13,8.16,48.35,11,15.98,Released,2/14/2024
P074,RUTURAJ GAIKWAD,2025,Royal Challengers Bengaluru,,All-rounder,2,8,,28,14.41,185.04,13,29,0,8.59,24.97,0,3.87,Released,8/18/2024
P051,Rohit Sharma,2024,Chennai Super Kings,,Bowler,8,13,,28,76.74,,11,18,10,5.8,35.88,5,,Playing,12/5/2024
P220,RAVINDRA JADEJA,2023,Sunrisers Hyderabad,South Africa,Bowler,4,0,703,5,70.12,140.45,31,6,28,10.12,34.26,6,,Retained,2/1/2024
P055,Shubman Gill,2024,MI,India,All-rounder,0,5,,132,72.81,-10,46,19,19,3.91,41.63,20,10.73,Injured,17/08/2023
P055, Jasprit Bumrah ,2023,CSK,England,Batter,9,14,,44,66.28,158.79,68,8,15,10.13,35.65,19,,Playing,20/01/2025
P080, Virat Kohli ,2025,RCB,England,Batter,12,8,315,144,70.89,-10,24,51,11,10.75,10.33,1,3.05,Released,9/4/2024
P053, KL Rahul ,2023,RCB,India,All-rounder,11,11,768,19,37.82,169.96,31,52,1,7.39,26.79,7,,Released,6/5/2025
P113,Virat Kohli,2024,Royal Challengers Bengaluru,South Africa,Wicket Keeper,14,5,,28,10.68,-10,99,0,24,5.38,23.62,13,,Injured,10/25/2024
P017,KL Rahul,2023,CSK,India,Batter,4,11,596,56,49.86,,14,1,10,9.82,12.48,10,15.36,Injured,11/13/2023
P199,Ravindra Jadeja,2024,MI,India,Batter,12,14,95,12,27.23,350,19,25,2,6.89,35.11,13,,Injured,9/21/2023
P200,KL Rahul,2025,RCB,,Bowler,12,13,,102,32.98,157.85,90,49,0,6.84,30.16,20,,Injured,13/07/2025
P115, Suryakumar Yadav ,2023,Mumbai Indians,,Bowler,0,1,439,8,21.27,-10,5,4,11,3.14,21.98,11,13.48,Injured,12/16/2023
P093,HARDIK PANDYA,2025,Chennai Super Kings,India,Bowler,5,13,406,33,7.51,161.76,82,6,12,7.88,40.98,6,11.89,Injured,26/08/2024
P024,Rohit Sharma,2023,CSK,New Zealand,Batter,6,11,888,148,41.04,-10,85,23,30,5.49,23.89,6,,Injured,7/3/2023
P014,Hardik Pandya,2024,Mumbai Indians,Australia,Wicket Keeper,0,0,,5,49.44,,27,43,29,3.86,19.77,16,,Released,3/21/2025
P086,ROHIT SHARMA,2024,MI,New Zealand,Batter,10,12,,12,27.24,156.42,74,49,3,8.73,38.05,5,,Released,9/18/2024
P138,Jasprit Bumrah,2023,Kolkata Knight Riders,New Zealand,Wicket Keeper,14,4,,118,10.67,102.23,61,20,11,5.37,26.73,12,,Playing,4/15/2023
P067,Shubman Gill,2023,Mumbai Indians,India,All-rounder,1,7,514,127,42.26,350,47,24,5,3.19,24.26,5,,Retained,12/15/2023
P210,Virat Kohli,2025,Sunrisers Hyderabad,England,Batter,12,13,,77,66.03,350,23,59,2,3.65,44.13,13,,Retained,8/7/2025
P179,Ruturaj Gaikwad,2024,SRH,South Africa,All-rounder,1,9,,128,47.45,,35,6,0,5.84,49.64,13,,Released,3/18/2024
P030,VIRAT KOHLI,2023,MI,New Zealand,Wicket Keeper,7,8,346,128,31.91,-10,58,7,2,10.21,40.63,19,,Playing,2/19/2024
P001,Ruturaj Gaikwad,2024,Mumbai Indians,England,All-rounder,14,4,806,64,44.83,186.25,90,26,28,10.64,47.22,15,13.06,Retained,13/06/2024
P190, Shubman Gill ,2023,MI,Australia,Wicket Keeper,7,11,332,33,18.57,350,52,39,16,3.58,19.04,8,,Retained,25/07/2023
P176,Rohit Sharma,2024,CSK,New Zealand,All-rounder,5,2,,108,71.55,,80,60,18,3.98,44.29,4,,Playing,22/05/2025
P216,KL Rahul,2023,Sunrisers Hyderabad,England,All-rounder,3,7,804,94,57.54,-10,32,5,20,3.61,13.38,1,,Retained,1/13/2024
P019,Shubman Gill,2023,Sunrisers Hyderabad,,Batter,12,1,441,148,25.83,185.88,56,8,12,9.91,13.83,17,,Released,1/7/2023
P111,Hardik Pandya,2025,Chennai Super Kings,South Africa,Batter,6,8,854,54,75.54,-10,85,5,10,8.63,40.11,13,5.02,Released,3/9/2025
P059,Shubman Gill,2025,Kolkata Knight Riders,,Batter,8,2,232,68,14.15,139.12,16,52,19,5.87,18.78,10,,Playing,3/29/2025
P149,RUTURAJ GAIKWAD,2025,MI,India,Wicket Keeper,1,4,620,84,60.22,-10,67,60,27,8.04,32.45,0,,Injured,9/9/2025
P094,HARDIK PANDYA,2025,KKR,South Africa,Bowler,7,10,517,60,57.04,100.36,1,11,26,5.9,42.98,9,,Playing,5/23/2024
P076,Suryakumar Yadav,2024,CSK,South Africa,All-rounder,9,8,860,60,21,-10,54,9,12,4.14,46.54,16,24.84,Released,3/11/2025
P206,Jasprit Bumrah,2023,Mumbai Indians,India,All-rounder,3,12,,31,22.75,350,94,41,0,4.98,44.63,7,,Playing,9/10/2024
P038,Suryakumar Yadav,2023,MI,South Africa,Wicket Keeper,11,2,17,88,10.84,170.11,69,45,1,8.77,39.24,2,2.19,Released,6/6/2024
P139,RAVINDRA JADEJA,2023,MI,,Bowler,8,11,,44,60.69,-10,15,54,2,5.83,18.91,3,,Retained,20/05/2024
P088,Suryakumar Yadav,2024,Chennai Super Kings,India,Bowler,0,13,,137,22.84,111.29,29,52,17,9.49,16.63,10,,Playing,5/27/2024
P082,Ravindra Jadeja,2025,SRH,,Batter,4,9,153,13,62.27,,97,17,7,3.88,21.5,3,7.8,Released,11/3/2025
P079, Ravindra Jadeja ,2023,Royal Challengers Bengaluru,,Bowler,0,10,498,70,8.62,-10,96,13,13,4.74,43.66,9,18.6,Retained,5/27/2024
P176, Ruturaj Gaikwad ,2025,SRH,New Zealand,Bowler,7,12,336,93,11.1,-10,53,56,1,7.24,46.31,5,1.35,Retained,9/18/2024
P180,MS Dhoni,2025,Sunrisers Hyderabad,South Africa,Bowler,2,2,138,25,12.22,350,57,40,30,5.63,12.9,20,,Injured,9/26/2024
P153, Suryakumar Yadav ,2025,Chennai Super Kings,England,Batter,14,4,788,43,13.37,-10,98,49,27,9.25,38.55,13,21.31,Retained,8/19/2024
P055,KL RAHUL,2024,Sunrisers Hyderabad,South Africa,All-rounder,4,6,,66,70.52,-10,4,20,20,4.21,16.52,9,11.14,Retained,4/23/2023
P211, Ruturaj Gaikwad ,2024,Chennai Super Kings,England,All-rounder,0,1,,71,38.8,,91,40,28,9.11,44.85,12,8.39,Retained,6/26/2025
P066,Virat Kohli,2023,SRH,Australia,Batter,1,2,,77,57.82,,33,19,16,9.42,14.36,16,,Playing,12/11/2024
P018,Ravindra Jadeja,2025,Kolkata Knight Riders,England,Wicket Keeper,8,6,,5,61.08,-10,18,12,2,11.29,46.35,13,8.78,Released,3/30/2025
P167,Rohit Sharma,2024,CSK,Australia,Wicket Keeper,2,0,143,6,15.1,350,1,58,24,9.47,30.22,13,23.13,Released,10/7/2024
P034,Shubman Gill,2025,Sunrisers Hyderabad,New Zealand,Batter,10,9,,86,13.54,-10,68,34,19,5.98,11.15,4,19.23,Released,29/01/2024
P128,SURYAKUMAR YADAV,2025,Sunrisers Hyderabad,South Africa,Bowler,9,0,,33,48.28,-10,14,34,22,9.93,20.27,19,9.24,Released,3/19/2024
P204,Rohit Sharma,2025,RCB,New Zealand,Wicket Keeper,4,3,14,10,15.53,-10,17,31,16,6.47,13.44,14,,Injured,4/17/2023
P202,Virat Kohli,2023,RCB,England,All-rounder,14,6,,114,49,-10,82,23,27,8.48,10.23,18,4.36,Released,8/15/2024
P114,KL Rahul,2023,Sunrisers Hyderabad,Australia,Batter,7,0,190,99,76.39,90.5,21,54,20,4.09,25.82,12,21.31,Playing,28/05/2023
P075,Rohit Sharma,2024,MI,Australia,All-rounder,9,14,155,145,43.34,-10,50,24,22,10.49,47.95,17,5.13,Injured,9/14/2025
P070, Suryakumar Yadav ,2024,Kolkata Knight Riders,South Africa,Batter,7,0,733,125,17.07,350,67,53,21,4.15,39.51,20,5.34,Injured,15/06/2025
P059,Ravindra Jadeja,2025,SRH,New Zealand,Batter,3,2,274,18,8.3,-10,86,59,8,5.55,11.01,4,,Released,4/27/2024
P050,MS DHONI,2023,Chennai Super Kings,Australia,Wicket Keeper,4,1,,101,9.12,111.2,92,47,6,6.72,38.81,6,21.44,Retained,17/08/2024
P066,Ruturaj Gaikwad,2024,Sunrisers Hyderabad,England,Batter,6,2,,51,38.27,-10,23,25,7,4.82,45.91,16,,Released,6/20/2025
P125,Jasprit Bumrah,2023,CSK,South Africa,Batter,2,4,75,25,75.45,-10,91,41,28,7.4,38.75,19,,Playing,8/25/2023
P071,MS DHONI,2025,Kolkata Knight Riders,India,Bowler,11,4,658,88,53.44,350,7,36,17,10.47,41.08,13,,Injured,9/10/2024
P137,RUTURAJ GAIKWAD,2025,Chennai Super Kings,India,Bowler,5,13,,98,50.66,-10,65,6,8,6.18,23.88,8,,Retained,7/13/2023
P161,Rohit Sharma,2023,Kolkata Knight Riders,India,All-rounder,6,2,,109,75.58,,44,42,15,5.96,42.07,0,,Retained,1/2/2025
P095, Rohit Sharma ,2025,Chennai Super Kings,India,Wicket Keeper,8,3,562,45,7.17,,90,6,0,3.26,13.7,19,,Injured,6/1/2024
P113,MS Dhoni,2025,SRH,,Bowler,8,6,,27,11.21,,7,19,18,3.72,46.76,20,1.38,Playing,12/3/2025
P118,Rohit Sharma,2023,Chennai Super Kings,Australia,Bowler,1,3,186,19,25.44,,47,27,21,3.09,20.54,2,15.5,Playing,16/04/2024
P154,ROHIT SHARMA,2023,Royal Challengers Bengaluru,,All-rounder,4,9,,11,43.92,,74,42,10,3.69,16.05,10,10.89,Retained,1/4/2024
P202,MS Dhoni,2024,Kolkata Knight Riders,South Africa,Wicket Keeper,0,10,139,123,39.15,350,67,36,11,11.18,49.92,19,2.01,Retained,7/18/2023
P039,MS DHONI,2024,Royal Challengers Bengaluru,Australia,Bowler,5,12,691,71,48.1,350,53,51,20,4.92,13.62,8,6.13,Released,5/29/2024
P067,Ruturaj Gaikwad,2025,Mumbai Indians,New Zealand,Batter,13,0,358,67,47.06,-10,79,58,1,11,35.25,2,,Retained,3/6/2024
P149,Virat Kohli,2025,KKR,South Africa,Wicket Keeper,5,4,,83,79.58,350,60,47,21,7.56,14.59,4,1.55,Injured,2/7/2025
P053,ROHIT SHARMA,2024,Royal Challengers Bengaluru,India,Wicket Keeper,5,14,316,124,8.87,-10,24,46,10,3.73,36.38,13,,Playing,7/13/2023
P100, Rohit Sharma ,2023,Royal Challengers Bengaluru,India,Wicket Keeper,9,2,760,57,72.8,350,2,57,23,6.87,48.53,2,11.71,Playing,25/08/2024
P214,Ravindra Jadeja,2023,Chennai Super Kings,,Wicket Keeper,10,7,404,48,42.28,200.37,83,52,4,3.12,22.58,18,,Playing,1/7/2025
P034,JASPRIT BUMRAH,2024,Royal Challengers Bengaluru,,Wicket Keeper,8,12,743,69,31.32,,54,43,30,4.1,18.89,5,8.05,Released,3/9/2023
P215,Hardik Pandya,2025,SRH,India,Wicket Keeper,11,6,554,7,77.14,-10,65,50,19,5.86,38.39,18,,Playing,9/8/2023
P202,RUTURAJ GAIKWAD,2025,KKR,Australia,Bowler,3,5,766,88,17.55,-10,23,38,17,7.34,25.81,7,,Retained,11/26/2023
P009, Hardik Pandya ,2025,KKR,,All-rounder,1,14,,95,75.24,350,97,31,18,5.07,31.72,13,,Playing,11/18/2024
P011,MS Dhoni,2025,Kolkata Knight Riders,South Africa,Batter,14,1,,50,41.11,-10,10,47,14,4.26,31.87,7,,Retained,9/2/2023
P035,Hardik Pandya,2023,SRH,,Batter,2,14,684,18,32.03,157.55,15,37,17,5.39,11.39,12,11.36,Playing,10/20/2023
P174, KL Rahul ,2025,Chennai Super Kings,Australia,Wicket Keeper,7,8,,96,73.83,350,79,38,8,9.97,22.66,17,,Injured,6/17/2024
P187, Suryakumar Yadav ,2024,Kolkata Knight Riders,India,Batter,2,3,476,29,72.27,-10,75,59,26,8.16,48.5,9,1.31,Retained,18/12/2024
P202,Ruturaj Gaikwad,2024,Kolkata Knight Riders,New Zealand,Bowler,8,9,,114,40.02,,9,59,22,11.97,37.97,9,18.25,Injured,19/08/2023
P046,RUTURAJ GAIKWAD,2023,CSK,Australia,All-rounder,5,6,90,149,24.14,124,87,20,5,4.86,17.38,0,,Playing,9/26/2023
P100,Rohit Sharma,2025,CSK,,Wicket Keeper,12,6,,117,48.12,-10,76,3,17,6.43,38.11,6,,Injured,26/09/2023
P061, Ruturaj Gaikwad ,2023,RCB,England,Bowler,6,2,397,91,37.46,-10,15,36,3,7.96,11.9,13,9.79,Injured,8/26/2023
P080, MS Dhoni ,2023,Chennai Super Kings,South Africa,Bowler,14,8,651,48,11.62,111.47,32,36,21,3.92,26.58,3,,Playing,2/28/2024
P203,Ravindra Jadeja,2024,Royal Challengers Bengaluru,India,Wicket Keeper,1,13,,52,53.53,,17,49,6,5.49,27.85,11,,Injured,21/08/2024
P179,Hardik Pandya,2023,Royal Challengers Bengaluru,Australia,All-rounder,1,12,,2,9.32,,46,30,4,7.57,48.26,4,22.44,Playing,9/30/2023
P180,Jasprit Bumrah,2023,Mumbai Indians,Australia,Bowler,14,7,439,106,56.33,86.14,91,50,26,8.74,29.5,15,,Injured,4/23/2025
P100,RAVINDRA JADEJA,2025,Kolkata Knight Riders,South Africa,Wicket Keeper,8,6,,138,10.67,-10,73,0,12,11.94,31.79,0,10.43,Released,8/20/2023
P122, KL RAHUL ,2023,MI,New Zealand,All-rounder,6,9,126,141,17.36,350,14,59,10,8.05,47.85,9,8.2,Retained,5/24/2023
P107,MS Dhoni,2025,SRH,England,Bowler,3,6,229,41,43.94,350,38,19,10,4.82,13.32,2,,Released,9/4/2024
P114,MS DHONI,2023,RCB,South Africa,Wicket Keeper,6,1,659,130,9.19,-10,81,31,29,10.69,21.69,5,,Released,11/2/2024
P002,SURYAKUMAR YADAV,2025,SRH,England,Batter,10,5,313,27,60.15,350,7,13,4,11.99,18.67,11,,Released,6/27/2024
P206, Jasprit Bumrah ,2024,RCB,South Africa,Wicket Keeper,6,4,380,137,29.11,85.7,25,4,10,5.6,34.38,18,10.76,Released,12/27/2023
P016,MS DHONI,2025,KKR,South Africa,Batter,13,0,344,65,50.19,,81,17,9,6.89,49.48,8,,Retained,1/3/2024
P010,Rohit Sharma,2023,Sunrisers Hyderabad,Australia,Batter,2,3,308,131,15.85,,20,26,25,7.96,39.87,1,,Injured,8/22/2025
P211, KL Rahul ,2025,KKR,England,Wicket Keeper,10,5,251,73,76.87,-10,86,50,8,11.1,37.84,6,,Playing,9/19/2024
P069,Ruturaj Gaikwad,2025,Sunrisers Hyderabad,England,Bowler,13,6,852,54,36.04,202.93,9,10,19,10.09,11.01,1,,Playing,1/3/2024
P097,HARDIK PANDYA,2024,Mumbai Indians,England,Bowler,2,2,499,19,72.9,350,85,44,2,9.19,23.81,19,8.81,Released,5/11/2023
P022,JASPRIT BUMRAH,2024,Sunrisers Hyderabad,,Batter,11,7,,117,34.88,,34,58,25,10.57,15.28,6,13.86,Released,29/01/2025
P130,Jasprit Bumrah,2024,Kolkata Knight Riders,,All-rounder,11,0,195,87,65.49,-10,74,2,15,6.21,11.63,9,,Injured,4/1/2025
P119, Rohit Sharma ,2025,Sunrisers Hyderabad,Australia,Batter,13,5,208,126,77.83,,100,43,7,9.99,18.77,13,20.42,Playing,8/30/2023
P098, Shubman Gill ,2024,Kolkata Knight Riders,South Africa,All-rounder,12,14,,23,54.53,-10,35,34,3,5.46,21.55,7,,Released,8/26/2025
P173,RAVINDRA JADEJA,2025,Mumbai Indians,Australia,Bowler,11,13,644,20,67.15,,29,9,16,10.9,48.64,6,12.2,Released,1/13/2025
P180,ROHIT SHARMA,2024,Chennai Super Kings,Australia,Wicket Keeper,7,13,524,37,59.56,350,96,10,9,6.38,26.67,20,,Released,21/03/2025
P151,VIRAT KOHLI,2023,RCB,Australia,Wicket Keeper,14,5,781,48,16.08,350,8,43,19,4.09,24.2,12,4.59,Released,10/26/2023
P036,SHUBMAN GILL,2024,SRH,,All-rounder,13,0,809,7,53.21,-10,65,32,24,6.53,19.61,10,5.77,Retained,3/4/2024
P017,JASPRIT BUMRAH,2023,Chennai Super Kings,,Batter,0,7,,33,10.84,111.42,91,19,18,3.94,28.71,4,,Playing,8/7/2023
P032,SURYAKUMAR YADAV,2025,RCB,,Batter,10,3,,63,74.01,192.94,52,20,15,7.45,49.26,19,4.78,Playing,3/15/2025
P203, Virat Kohli ,2023,RCB,Australia,Wicket Keeper,10,9,386,58,76.53,,59,21,6,6.24,49.6,19,11.42,Released,4/7/2024
P097, KL Rahul ,2024,Sunrisers Hyderabad,India,Bowler,0,7,643,32,10.37,,5,19,20,4.64,41.99,7,,Injured,1/23/2024
P020,Suryakumar Yadav,2024,Kolkata Knight Riders,England,Wicket Keeper,10,6,163,111,24.06,350,72,34,19,6.82,46.08,13,,Playing,9/4/2023
P105,KL Rahul,2025,KKR,England,Wicket Keeper,3,14,772,5,34.45,-10,81,24,4,9.8,30.2,1,,Playing,8/29/2024
P034,Jasprit Bumrah,2023,Royal Challengers Bengaluru,,Bowler,4,10,,13,6.57,,23,2,14,3.87,34.94,8,0.69,Injured,8/19/2024
P115,Ruturaj Gaikwad,2025,Kolkata Knight Riders,India,Wicket Keeper,6,7,441,40,26.25,-10,67,51,11,8.43,42.49,4,,Injured,18/02/2024
P055,Virat Kohli,2025,RCB,,Wicket Keeper,6,10,687,20,61.07,-10,42,60,5,11.82,33.27,8,10.14,Retained,8/6/2023
P019,Ravindra Jadeja,2025,Chennai Super Kings,South Africa,Batter,3,14,643,86,46.04,,33,57,10,6.55,23.39,3,7.06,Retained,4/2/2025
P212,KL RAHUL,2024,RCB,India,Bowler,0,13,,39,39.28,350,4,3,7,8.38,47.78,0,,Injured,3/9/2025
P207,KL Rahul,2024,SRH,India,All-rounder,0,8,119,20,60.87,,4,53,13,7.43,27.26,6,16.15,Retained,1/9/2025
P143,Rohit Sharma,2025,Sunrisers Hyderabad,New Zealand,Bowler,12,0,810,121,40.99,,17,29,27,3.23,41,13,14.63,Injured,25/01/2024
P197,MS Dhoni,2023,KKR,,Wicket Keeper,13,6,,129,41.32,-10,77,15,14,10.88,36.67,17,,Retained,8/15/2024
P011, Jasprit Bumrah ,2023,Chennai Super Kings,South Africa,Batter,9,12,131,108,36.63,-10,23,22,20,3.12,48.62,2,10.59,Released,19/03/2024
P066,VIRAT KOHLI,2024,MI,,Bowler,6,6,227,67,74.79,,3,0,5,10.26,38.09,10,7.72,Playing,20/08/2024
P052,Virat Kohli,2024,Royal Challengers Bengaluru,New Zealand,Bowler,5,3,408,147,43.35,-10,16,7,19,11.76,48.28,12,12.84,Injured,12/24/2024
P136,MS Dhoni,2024,RCB,,Batter,2,1,176,43,70.39,350,13,45,26,3.03,44.82,0,,Playing,22/09/2024
P082,KL Rahul,2023,Mumbai Indians,New Zealand,All-rounder,14,4,,104,11.7,,11,23,7,3.77,44.11,9,,Injured,3/24/2024
P047,KL Rahul,2023,Royal Challengers Bengaluru,New Zealand,Batter,2,3,97,93,25.08,-10,78,42,29,7.51,43.62,8,,Released,12/21/2024
P119,JASPRIT BUMRAH,2023,MI,New Zealand,Bowler,3,5,872,79,16.31,,55,23,20,10.02,22.12,3,10.17,Retained,27/03/2024
P165,KL Rahul,2024,Sunrisers Hyderabad,,All-rounder,13,10,,139,11,350,43,8,26,4.48,36.96,0,,Injured,7/17/2025
P129,Ruturaj Gaikwad,2025,KKR,England,Wicket Keeper,5,10,406,3,72.1,-10,21,25,13,8.39,36.57,9,0.47,Retained,8/17/2025
P085,Rohit Sharma,2025,KKR,South Africa,Batter,1,2,726,104,44.04,,7,25,4,11.16,26.25,1,,Released,7/30/2025
P013,RAVINDRA JADEJA,2024,Mumbai Indians,England,Bowler,12,10,,88,33.81,180.84,74,47,30,7.32,22.55,10,4.06,Retained,1/5/2025
P209,Ravindra Jadeja,2024,RCB,New Zealand,Wicket Keeper,0,5,87,132,18.4,,41,19,27,3.72,21.89,15,,Released,5/26/2023
P160, Ruturaj Gaikwad ,2025,Sunrisers Hyderabad,,All-rounder,14,12,801,42,58.56,350,92,45,28,7.13,31.5,17,,Injured,8/12/2025
P112, Shubman Gill ,2023,SRH,England,Bowler,5,1,,86,54.34,,80,4,24,10.59,45.62,2,23.22,Injured,4/14/2024
P028,SHUBMAN GILL,2025,KKR,Australia,Batter,7,10,100,130,22.86,206.14,12,44,16,4.93,46.13,7,,Playing,4/2/2024
P165,Ravindra Jadeja,2024,Kolkata Knight Riders,England,Wicket Keeper,1,6,440,120,71.01,,93,36,9,6.41,39.46,5,,Released,7/16/2024
P049, Virat Kohli ,2025,Sunrisers Hyderabad,South Africa,Wicket Keeper,8,10,370,59,53.98,350,32,43,1,5.68,23.32,8,1.46,Released,22/09/2024
P120,RUTURAJ GAIKWAD,2025,MI,,All-rounder,12,4,,30,56.39,,69,56,10,10.71,47.97,4,,Retained,6/19/2025
P050,RAVINDRA JADEJA,2025,Chennai Super Kings,New Zealand,All-rounder,5,10,,85,27.45,-10,94,43,16,4.74,12.65,11,,Released,5/16/2023
P079,Rohit Sharma,2025,RCB,New Zealand,Batter,3,12,,10,19.65,350,70,33,18,10.88,45.04,10,1.14,Released,10/4/2023
P047,Jasprit Bumrah,2023,Chennai Super Kings,New Zealand,Batter,8,14,,21,13.02,,92,30,15,8.83,43.87,3,,Injured,2/7/2023
P213,ROHIT SHARMA,2023,KKR,New Zealand,All-rounder,9,6,92,6,18.75,350,31,58,5,8.23,20,8,,Released,4/10/2023
P094,Ruturaj Gaikwad,2024,Royal Challengers Bengaluru,,All-rounder,4,7,,18,51.11,,6,39,22,3.96,13.05,4,19.41,Released,8/21/2023
P144,RUTURAJ GAIKWAD,2023,KKR,England,All-rounder,8,9,,114,10.45,350,86,46,27,4.12,16.37,14,,Released,26/02/2025
P136,Ruturaj Gaikwad,2025,RCB,South Africa,Bowler,4,5,123,107,59.1,350,94,56,22,4.48,30.6,0,17.86,Released,23/04/2025
P146,Shubman Gill,2024,Royal Challengers Bengaluru,,Bowler,3,10,805,12,16.79,350,10,22,21,11.1,32.76,11,,Released,19/08/2024
P117,MS Dhoni,2025,CSK,Australia,Bowler,7,1,816,92,6.01,-10,50,36,28,4.89,18.52,7,12.4,Injured,23/09/2023
P007,HARDIK PANDYA,2024,CSK,,All-rounder,9,5,,40,21.13,,20,15,10,4.53,12.13,16,4.27,Released,8/28/2024
P174,Ruturaj Gaikwad,2024,RCB,,Bowler,12,3,,30,69.93,137.22,2,29,19,4.29,27.27,20,,Released,21/10/2024
P182,Rohit Sharma,2023,Kolkata Knight Riders,South Africa,All-rounder,9,12,400,125,28.87,-10,67,60,24,9.79,43.66,11,12.72,Released,6/20/2024
P178,Jasprit Bumrah,2023,Royal Challengers Bengaluru,South Africa,Batter,9,2,,144,31.96,350,81,37,10,6.29,42.86,8,18.45,Playing,12/2/2024
P112, MS Dhoni ,2023,Kolkata Knight Riders,India,Batter,11,8,454,141,59.54,350,52,2,10,11.69,38.22,15,4.15,Retained,8/25/2023
P131,MS DHONI,2023,CSK,New Zealand,Bowler,5,14,,26,74.33,,80,5,0,10.16,15.61,19,,Injured,10/7/2024
P199,Hardik Pandya,2024,Royal Challengers Bengaluru,,Bowler,12,0,648,23,54.8,,62,27,22,8.12,37.63,13,24.01,Retained,8/8/2025
P140, SHUBMAN GILL ,2025,KKR,India,Batter,2,12,272,125,7.64,,39,10,22,7.69,26.68,3,,Playing,8/4/2025
P068,Virat Kohli,2025,MI,England,Bowler,5,12,817,131,32.22,191.1,59,58,7,3.33,14.52,18,0.73,Retained,5/1/2025
P092,Shubman Gill,2023,Kolkata Knight Riders,England,Bowler,1,1,,119,13.33,,17,59,25,11.15,16.29,20,,Playing,7/7/2025
P101,SURYAKUMAR YADAV,2023,Kolkata Knight Riders,,Bowler,7,8,,111,6.32,-10,58,55,2,11.97,28.09,7,,Retained,3/3/2024
P087, Virat Kohli ,2023,Kolkata Knight Riders,India,Batter,13,12,305,101,57.95,-10,30,0,10,11.29,13.92,2,4.9,Playing,5/5/2023
P119,MS Dhoni,2024,SRH,New Zealand,Wicket Keeper,9,14,,132,13.73,174.58,61,58,15,4.36,20.46,16,,Playing,8/21/2023
P168, ROHIT SHARMA ,2023,SRH,,Wicket Keeper,9,5,,0,13.69,350,39,16,30,5.97,41.03,2,,Retained,2/11/2025
P107,Virat Kohli,2023,Chennai Super Kings,Australia,Batter,7,8,,70,57.18,,7,15,8,4.52,29.88,8,15.82,Injured,6/21/2024
P139,KL Rahul,2025,Sunrisers Hyderabad,,Wicket Keeper,4,9,,104,14.87,,70,51,10,10.09,36.29,10,,Playing,11/10/2024
P113,Virat Kohli,2025,RCB,South Africa,All-rounder,12,14,404,40,76.67,-10,69,3,4,7.29,38.43,2,,Released,1/22/2025
P031,KL RAHUL,2023,RCB,India,Bowler,6,1,384,134,69.25,85.31,63,10,14,6.17,42.22,11,,Playing,19/10/2024
P176,Rohit Sharma,2023,Kolkata Knight Riders,New Zealand,All-rounder,8,6,,20,61.38,197.95,5,54,26,7.09,34.59,4,15.35,Playing,3/11/2025
P128,Virat Kohli,2023,Mumbai Indians,England,Batter,11,10,105,150,48.61,350,42,2,8,5.51,28.66,14,9.87,Playing,10/18/2024
P154,SHUBMAN GILL,2024,RCB,England,Wicket Keeper,10,6,,84,13.75,208.13,86,22,9,7.83,49.06,0,,Released,22/01/2025
P201, Shubman Gill ,2023,Chennai Super Kings,India,All-rounder,0,8,289,83,58.09,,78,17,23,11.09,21.01,0,1.46,Playing,1/19/2024
P044,ROHIT SHARMA,2024,Mumbai Indians,New Zealand,Wicket Keeper,7,0,,72,14.67,350,31,42,15,3.58,14.33,7,18.15,Retained,28/08/2023
P019,Ruturaj Gaikwad,2024,RCB,,Batter,6,5,,85,65.51,,62,53,23,5.17,25.23,8,0.57,Retained,1/12/2024
P019, ROHIT SHARMA ,2023,Mumbai Indians,South Africa,Bowler,3,2,834,84,67.52,350,8,42,27,10.55,24.89,12,,Retained,9/26/2023
P083, Jasprit Bumrah ,2023,Mumbai Indians,England,All-rounder,7,3,,68,11.75,350,80,13,12,3.14,16.41,9,16.05,Released,9/6/2024
P080,RAVINDRA JADEJA,2024,RCB,England,Wicket Keeper,7,3,,90,45.54,350,11,40,7,7.88,33.31,14,,Retained,7/9/2025
P021,Rohit Sharma,2025,Royal Challengers Bengaluru,,All-rounder,9,7,,96,35.08,,24,60,19,3.18,45.99,5,,Retained,10/31/2023
P092,KL Rahul,2025,Mumbai Indians,England,Bowler,14,5,109,106,34.62,350,56,59,1,10.02,36.03,11,5.93,Injured,4/15/2023
P130,KL RAHUL,2023,Kolkata Knight Riders,New Zealand,All-rounder,1,11,358,128,44.01,-10,98,39,9,5.32,10.19,10,14.03,Playing,3/7/2025
P189,KL Rahul,2025,Mumbai Indians,,Wicket Keeper,11,3,117,133,36.2,198.92,9,42,9,6.76,33.43,1,2.72,Retained,3/24/2024
P011,Rohit Sharma,2024,SRH,,Batter,2,3,745,3,37.8,,40,58,7,6.18,32.06,2,15.58,Injured,5/11/2025
P088, MS Dhoni ,2023,KKR,South Africa,Batter,8,1,0,54,26.5,350,78,3,20,9.29,35.02,19,7.91,Released,27/05/2023
P212,Ruturaj Gaikwad,2023,Mumbai Indians,Australia,Batter,7,1,83,143,5.46,350,77,1,26,7.44,44.38,18,,Retained,1/10/2025
P184,HARDIK PANDYA,2025,RCB,,All-rounder,7,13,,14,54.91,350,54,45,18,10.23,36.14,19,,Retained,24/05/2023
P039,Suryakumar Yadav,2024,CSK,England,Batter,7,12,890,24,28.06,169.56,5,57,6,5.91,31.84,13,,Injured,8/4/2025
P196,Ravindra Jadeja,2024,KKR,Australia,Wicket Keeper,7,3,364,23,41.92,350,76,39,13,8.41,21.77,12,15.6,Released,3/15/2025
P157,Hardik Pandya,2024,Royal Challengers Bengaluru,South Africa,All-rounder,1,3,,88,49.35,83.8,51,18,5,3.95,16.47,16,,Retained,1/18/2024
P126,VIRAT KOHLI,2025,Kolkata Knight Riders,South Africa,Batter,6,14,591,103,33.33,203.51,26,3,4,8.19,24.68,3,7.74,Retained,19/01/2024
P112,KL Rahul,2023,Kolkata Knight Riders,England,Bowler,3,6,437,138,49.14,-10,66,26,7,11.93,23.73,0,,Injured,4/3/2023
P069,Ruturaj Gaikwad,2023,KKR,India,Wicket Keeper,5,12,,9,50,148.85,23,3,19,4.46,16.9,10,12.93,Released,6/5/2024
P104,MS Dhoni,2025,Sunrisers Hyderabad,South Africa,All-rounder,4,0,10,6,77.92,176.18,93,52,9,3.11,17.73,11,,Released,9/1/2023
P030,SHUBMAN GILL,2025,CSK,New Zealand,All-rounder,7,0,534,97,31.8,,43,28,25,9.32,18.23,0,17.52,Injured,30/09/2023
P016,RUTURAJ GAIKWAD,2024,Royal Challengers Bengaluru,New Zealand,Batter,10,14,585,56,5.98,-10,77,26,20,12,45.84,4,0.83,Injured,6/4/2023
P096,Hardik Pandya,2025,Kolkata Knight Riders,New Zealand,Wicket Keeper,12,9,,128,63.21,166.79,52,48,9,3.14,47.23,9,4.59,Injured,17/08/2025
P089,MS Dhoni,2025,SRH,India,Wicket Keeper,3,9,582,112,8,-10,70,16,19,9.66,15.35,2,10.15,Released,9/7/2025
P124,Hardik Pandya,2025,RCB,India,Batter,4,1,146,38,73.27,-10,25,23,26,10.4,34.33,10,21.93,Playing,5/10/2024
P077,Ruturaj Gaikwad,2024,SRH,England,Bowler,13,12,168,45,48.24,,66,38,7,3.52,30.68,8,10.22,Retained,10/13/2024
P086,Virat Kohli,2024,Kolkata Knight Riders,India,Batter,3,10,,7,40.43,,68,18,4,5.73,14.15,0,14.23,Playing,21/01/2024
P003, Virat Kohli ,2025,Chennai Super Kings,South Africa,Wicket Keeper,3,13,,142,45.04,177.49,59,24,16,4.94,44.49,9,7.34,Injured,12/5/2023
P051,Virat Kohli,2023,Sunrisers Hyderabad,England,All-rounder,14,1,442,145,72.5,119.99,91,13,14,3.2,15.28,2,9.33,Injured,11/8/2023
P142,Ravindra Jadeja,2025,CSK,India,Bowler,13,8,499,88,14.92,-10,99,20,18,6.73,21.91,11,15.77,Injured,4/29/2024
P182,Virat Kohli,2024,Kolkata Knight Riders,South Africa,Wicket Keeper,10,6,630,46,60.12,,20,4,30,3.04,40.49,3,1.86,Playing,20/06/2023
P211,KL Rahul,2023,KKR,New Zealand,Bowler,3,0,37,63,64.63,350,30,11,4,7.73,14.68,19,9.12,Released,7/12/2024
P199,SHUBMAN GILL,2023,Chennai Super Kings,England,Batter,6,14,656,83,11.92,350,26,48,18,4.74,37.69,15,4.12,Retained,5/23/2024
P133, HARDIK PANDYA ,2023,Royal Challengers Bengaluru,Australia,Batter,12,0,,136,7.05,,13,7,10,11.38,36.94,2,,Retained,8/15/2024
P184,KL Rahul,2023,Mumbai Indians,South Africa,Bowler,14,1,458,116,72.33,350,4,8,13,7.24,42.53,9,,Playing,9/8/2024
P108,SURYAKUMAR YADAV,2023,RCB,England,Bowler,14,5,396,108,58.68,-10,46,37,1,5.24,32.97,14,21.12,Injured,11/10/2024
P012,Hardik Pandya,2025,CSK,Australia,Bowler,10,10,,30,77.69,156.8,10,59,14,6.28,22.09,0,,Released,3/27/2024
P017,Rohit Sharma,2023,Royal Challengers Bengaluru,New Zealand,All-rounder,9,11,,1,52.88,350,29,36,22,5.9,20.62,10,,Playing,5/5/2023
P003,JASPRIT BUMRAH,2023,CSK,Australia,Bowler,4,2,,35,31.65,350,29,24,25,5.26,13.55,5,,Released,6/24/2024
P132,VIRAT KOHLI,2024,Mumbai Indians,South Africa,All-rounder,6,3,721,125,40.45,203.67,87,24,3,3.31,36.36,14,,Playing,2/3/2025
P014,Virat Kohli,2024,Chennai Super Kings,Australia,Wicket Keeper,9,3,16,11,46.04,,0,27,16,3.22,42,19,16.25,Injured,24/10/2024
P117,SURYAKUMAR YADAV,2023,CSK,South Africa,Batter,5,2,216,45,24.22,-10,47,6,8,4.78,42.2,7,17.66,Playing,12/18/2024
P188,SHUBMAN GILL,2024,MI,India,Batter,10,12,743,44,37.25,350,33,48,6,9.82,49.91,5,20.72,Released,10/15/2023
P113, SHUBMAN GILL ,2024,Kolkata Knight Riders,,Bowler,11,0,760,95,59.6,350,98,6,6,11.23,37.7,14,,Retained,8/23/2023
P049,Hardik Pandya,2023,Royal Challengers Bengaluru,Australia,Bowler,13,5,,74,36.94,123.73,94,42,5,7.82,16.23,6,17.04,Released,7/17/2025
P012,MS Dhoni,2024,Kolkata Knight Riders,,Wicket Keeper,4,11,,55,45.87,-10,21,29,24,5.26,30.24,4,7.9,Playing,4/10/2025
P054,Rohit Sharma,2024,Chennai Super Kings,England,Bowler,14,10,759,28,41.71,350,91,12,6,11.61,18.72,14,,Playing,16/12/2024
P014,Rohit Sharma,2024,Sunrisers Hyderabad,India,All-rounder,14,10,,94,65.08,,67,47,21,10.8,33.77,0,,Playing,8/5/2023
P196,Shubman Gill,2024,Kolkata Knight Riders,England,All-rounder,6,6,152,146,14.03,,40,43,3,9.74,30.91,13,,Retained,6/24/2025
P088,Virat Kohli,2023,Chennai Super Kings,India,Bowler,14,12,152,5,39.89,-10,6,44,26,3.63,39.7,7,6.08,Playing,10/19/2023
P127, Ravindra Jadeja ,2023,KKR,Australia,Batter,12,8,156,140,5.01,350,76,6,25,8.9,30.34,16,18.96,Injured,7/9/2024
P053,JASPRIT BUMRAH,2024,MI,South Africa,Wicket Keeper,0,2,413,116,9.03,350,48,46,20,10.21,33.57,13,,Playing,1/1/2025
P136,SURYAKUMAR YADAV,2024,Kolkata Knight Riders,India,Wicket Keeper,0,14,653,146,75.99,350,30,50,30,11.94,40.41,2,1.22,Retained,7/22/2023
P143,Virat Kohli,2023,Royal Challengers Bengaluru,New Zealand,All-rounder,0,2,418,77,38.03,157.94,57,30,22,6.03,41.92,5,6.7,Injured,21/07/2023
P070,JASPRIT BUMRAH,2025,KKR,England,Wicket Keeper,2,8,,120,32.55,-10,4,48,16,5.03,22.89,10,,Released,4/14/2025
P136,Hardik Pandya,2024,Mumbai Indians,South Africa,Bowler,2,0,370,41,38.96,-10,24,16,17,3.09,41.65,2,,Released,8/3/2023
P050, Rohit Sharma ,2024,KKR,England,Wicket Keeper,8,8,105,114,66.08,137.33,10,31,17,5.29,34.66,2,,Playing,26/01/2024
P014,KL RAHUL,2024,Mumbai Indians,England,Wicket Keeper,2,0,49,7,56.37,350,100,47,20,6.31,29.4,12,,Released,9/26/2023
P041,Suryakumar Yadav,2023,Chennai Super Kings,England,Bowler,2,11,,69,65.74,350,6,17,17,9.36,22.38,13,,Injured,4/10/2025
P139, ROHIT SHARMA ,2025,RCB,England,All-rounder,13,12,35,68,49.78,350,73,18,29,3.96,19.66,7,23.92,Retained,10/1/2024
P116,Hardik Pandya,2023,Kolkata Knight Riders,England,Batter,3,4,793,40,35.33,200.11,88,58,8,11.23,31.48,0,,Released,5/28/2023
P047,Ravindra Jadeja,2025,SRH,South Africa,Bowler,11,1,73,43,60.23,350,66,14,2,5,15.83,1,17.67,Injured,5/19/2025
P170,MS DHONI,2024,RCB,,Batter,3,0,357,77,15.57,-10,63,18,5,6.29,21.35,17,5.75,Released,6/5/2023
P002,Virat Kohli,2023,MI,England,Wicket Keeper,9,3,157,141,26.39,-10,100,53,19,5.91,11.33,15,,Injured,25/11/2024
P162,VIRAT KOHLI,2025,Kolkata Knight Riders,,Batter,8,12,,95,42.57,,77,44,26,11.26,18.1,9,14.88,Playing,5/8/2024
P219,RUTURAJ GAIKWAD,2025,Royal Challengers Bengaluru,Australia,Wicket Keeper,8,11,368,98,75.24,,11,59,12,4.3,48.08,16,7.32,Injured,2/1/2024
P203, MS DHONI ,2025,Royal Challengers Bengaluru,India,Bowler,1,13,170,99,17.17,350,50,18,16,8.29,32.51,18,1,Injured,30/07/2023
P214,Jasprit Bumrah,2023,Royal Challengers Bengaluru,,All-rounder,5,7,716,16,68.09,-10,32,51,10,8.88,25.09,19,8.31,Released,3/7/2024
P175,Suryakumar Yadav,2023,Sunrisers Hyderabad,Australia,Batter,12,7,,83,6.47,350,30,5,5,6.15,43.84,5,,Playing,8/23/2024
P130,SURYAKUMAR YADAV,2024,RCB,South Africa,Batter,8,6,381,25,78.1,350,84,1,27,11.8,19.87,12,10.64,Injured,12/10/2023
P169,Jasprit Bumrah,2023,CSK,England,Batter,2,3,106,109,6.13,350,89,12,4,3.19,45.59,14,,Retained,6/17/2023
P193,Ravindra Jadeja,2024,KKR,India,Bowler,4,0,,75,31.59,-10,44,59,1,11.43,43.46,0,,Playing,4/8/2024
P187, SHUBMAN GILL ,2025,Chennai Super Kings,New Zealand,Batter,12,8,672,24,68.27,,79,43,13,10.11,45.23,17,,Released,17/08/2023
P205,KL Rahul,2025,Mumbai Indians,New Zealand,Wicket Keeper,0,11,,92,69.14,350,60,50,3,7.58,21.74,3,11.67,Retained,25/04/2023
P071,MS Dhoni,2023,Kolkata Knight Riders,New Zealand,All-rounder,2,8,283,41,57.81,100.44,4,34,5,8.67,25.54,7,,Retained,24/05/2023
P116,VIRAT KOHLI,2024,RCB,New Zealand,All-rounder,5,12,308,40,50.75,,38,40,29,10.13,33.17,16,4.84,Retained,5/4/2024
P026,Jasprit Bumrah,2025,KKR,India,Batter,3,6,,53,50.28,-10,14,40,17,8.83,39.46,5,,Retained,11/15/2024
P209, Jasprit Bumrah ,2025,KKR,India,Bowler,8,14,195,123,68.05,-10,69,45,1,3.68,41.99,16,14.86,Injured,2/4/2024
P047,RAVINDRA JADEJA,2024,KKR,England,All-rounder,7,14,678,105,32.56,-10,83,2,5,8.52,45.14,13,18.73,Injured,3/9/2024
P214,KL Rahul,2025,Kolkata Knight Riders,South Africa,Wicket Keeper,2,9,109,71,52.32,350,50,38,4,6.63,44.41,19,,Released,23/10/2024
P171,Ravindra Jadeja,2025,Kolkata Knight Riders,England,All-rounder,9,2,572,140,48.76,,21,30,10,11.27,21.85,13,24.54,Playing,6/3/2024
P023,MS Dhoni,2023,Mumbai Indians,,Bowler,11,6,,47,52.67,-10,72,1,15,6.32,45.86,12,22.56,Playing,10/16/2024
P118,Ravindra Jadeja,2024,CSK,New Zealand,Bowler,8,10,449,79,43.16,,62,56,24,3.82,43.44,4,,Playing,3/3/2024
P182, MS Dhoni ,2024,CSK,England,All-rounder,6,9,307,76,26.54,-10,8,44,11,8.07,40.89,12,9.85,Released,9/8/2024
P187,Suryakumar Yadav,2025,RCB,South Africa,Batter,2,3,532,41,40.62,214.24,83,59,26,11.08,20.96,10,9.99,Injured,29/05/2023
P212,VIRAT KOHLI,2024,MI,,Wicket Keeper,14,10,,135,45.82,,20,4,27,5.32,49.15,15,14.9,Retained,29/10/2023
P129,KL RAHUL,2025,SRH,England,All-rounder,1,0,621,83,52.67,-10,57,0,22,10.58,21.02,7,17.97,Retained,8/19/2025
P015,Suryakumar Yadav,2023,SRH,South Africa,All-rounder,1,5,94,46,28.44,,91,49,0,5.62,35.63,8,13.54,Released,27/06/2023
P143, SURYAKUMAR YADAV ,2023,CSK,South Africa,Batter,0,12,267,121,75.31,96.91,89,15,12,5.27,27.46,7,20.87,Playing,1/15/2024
P130,JASPRIT BUMRAH,2024,MI,South Africa,Wicket Keeper,8,9,,51,49.01,,7,30,30,10.91,11.25,20,,Injured,7/30/2023
P207,SURYAKUMAR YADAV,2024,RCB,Australia,Bowler,9,6,,113,37.39,,75,6,23,3.63,10.41,9,12.16,Released,18/06/2023
P166,RUTURAJ GAIKWAD,2023,Chennai Super Kings,Australia,All-rounder,1,8,,35,33.51,,40,49,15,4.29,13.15,7,23.65,Retained,11/23/2023
P181,Suryakumar Yadav,2025,Royal Challengers Bengaluru,New Zealand,Bowler,6,6,,22,17.07,-10,45,53,17,4.7,17.32,10,,Playing,7/9/2024
P142, Suryakumar Yadav ,2023,Royal Challengers Bengaluru,England,Bowler,9,3,830,25,65.2,-10,68,25,24,3.32,24.29,15,10.35,Playing,4/17/2024
P204,Hardik Pandya,2023,Kolkata Knight Riders,England,Batter,9,9,,68,47.09,-10,91,29,22,7.32,24.41,11,9.82,Released,2/2/2024
P073,Hardik Pandya,2023,Royal Challengers Bengaluru,Australia,All-rounder,13,3,,49,79.6,208.23,93,34,5,4.11,47.4,13,,Injured,11/2/2025
P123,HARDIK PANDYA,2024,Mumbai Indians,South Africa,Batter,13,11,,78,27.02,103.51,52,4,19,11.06,12.95,9,4.92,Retained,5/2/2025
P039,HARDIK PANDYA,2023,Chennai Super Kings,,Batter,11,13,751,24,27.79,-10,27,34,28,10.04,31.91,12,1.5,Retained,28/05/2023
P150,Hardik Pandya,2023,RCB,Australia,All-rounder,2,10,626,13,62.89,,21,4,24,11.39,31.34,7,11.6,Released,13/12/2023
P077,Ravindra Jadeja,2025,Mumbai Indians,,Wicket Keeper,11,14,372,46,52.4,-10,10,24,6,6.87,35.67,16,17.55,Playing,6/29/2025
P012,HARDIK PANDYA,2024,Chennai Super Kings,India,All-rounder,6,5,12,29,40.45,-10,68,14,14,7.85,46.79,19,16.78,Playing,9/12/2025
P139,SURYAKUMAR YADAV,2024,Royal Challengers Bengaluru,South Africa,Batter,4,13,,111,33.24,,24,60,2,7.71,41.86,1,,Injured,4/12/2024
P208,VIRAT KOHLI,2025,Kolkata Knight Riders,Australia,Bowler,2,9,,128,68.71,147.05,99,42,8,3.27,42.47,16,,Retained,10/16/2023
P101,KL Rahul,2024,KKR,,All-rounder,1,10,494,35,53.07,-10,26,24,6,11.45,16.36,14,12.83,Retained,1/13/2024
P062,Jasprit Bumrah,2024,MI,New Zealand,All-rounder,7,14,609,53,10.92,-10,41,36,1,6.24,21.08,18,,Playing,2/4/2025
P074,Virat Kohli,2024,RCB,India,All-rounder,6,4,375,114,17.45,,71,36,29,8.45,16.66,14,,Playing,4/29/2023
P012, Hardik Pandya ,2024,Sunrisers Hyderabad,England,Batter,2,9,546,126,25.56,-10,71,6,15,7.79,24.44,3,,Playing,10/17/2024
P183,Suryakumar Yadav,2023,Kolkata Knight Riders,New Zealand,Bowler,12,8,,43,28.36,350,10,10,30,3.64,13.8,5,,Retained,7/17/2024
P165,Hardik Pandya,2025,SRH,South Africa,Wicket Keeper,10,7,589,91,65.96,-10,46,51,4,8.83,39.3,11,18.17,Retained,3/5/2024
P084,KL Rahul,2024,Royal Challengers Bengaluru,New Zealand,Bowler,6,0,,148,17.59,-10,70,12,5,8.22,37.84,18,23.63,Playing,14/07/2023
P207,Ruturaj Gaikwad,2023,Royal Challengers Bengaluru,England,Wicket Keeper,7,11,89,145,43.14,-10,86,37,24,9.13,49.23,19,,Injured,12/31/2024
P020,Jasprit Bumrah,2025,SRH,New Zealand,All-rounder,6,12,339,24,62.27,-10,38,46,27,3.38,22.78,1,,Retained,18/09/2023
P156,Ravindra Jadeja,2024,Sunrisers Hyderabad,Australia,Batter,5,8,466,141,51.23,-10,39,25,21,7.7,27.71,3,,Retained,4/18/2023
P136,Shubman Gill,2023,RCB,Australia,Bowler,10,6,456,143,8.06,111.68,36,44,6,7.1,33.29,15,15.43,Retained,6/25/2024
P157,Jasprit Bumrah,2025,Chennai Super Kings,India,Wicket Keeper,9,9,,113,42.73,,52,2,11,8.65,17.78,16,,Playing,4/20/2025
P030,Shubman Gill,2025,Royal Challengers Bengaluru,New Zealand,All-rounder,4,10,,21,11.27,-10,50,52,15,9.17,19.2,2,15.49,Released,7/7/2024
P131,Hardik Pandya,2025,RCB,New Zealand,Batter,5,2,,45,48.77,,75,33,18,8.83,10.31,8,,Playing,11/20/2023
P173,Suryakumar Yadav,2023,MI,New Zealand,Bowler,14,9,546,78,63.77,350,51,12,23,8.14,41.23,15,13.16,Released,7/8/2023
P007,Jasprit Bumrah,2023,Chennai Super Kings,India,All-rounder,7,12,278,115,15.31,350,62,9,29,10.42,17.64,8,,Playing,4/15/2025
P045,Suryakumar Yadav,2025,Sunrisers Hyderabad,India,Bowler,13,2,,103,25.8,-10,74,35,21,10.75,40.97,11,21.62,Playing,25/02/2025
P133,Rohit Sharma,2024,MI,India,Batter,6,10,237,30,55.12,-10,25,10,15,8.68,30.6,12,,Retained,11/3/2024
P136,KL Rahul,2025,Kolkata Knight Riders,India,Wicket Keeper,11,8,45,17,75.93,350,39,32,6,4.15,24.81,8,0.96,Playing,6/3/2024
P181, Ruturaj Gaikwad ,2025,Chennai Super Kings,,Wicket Keeper,0,10,535,49,44.78,192.32,56,16,22,11.52,25.33,11,10.09,Released,1/25/2024
P148, Suryakumar Yadav ,2023,Mumbai Indians,England,Wicket Keeper,5,5,810,83,62.96,-10,96,27,27,4.01,24.16,11,,Released,10/4/2024
P022,Suryakumar Yadav,2023,Sunrisers Hyderabad,South Africa,All-rounder,10,8,268,44,72.32,-10,18,60,3,4.61,13.47,14,,Retained,15/08/2025
P086,Rohit Sharma,2024,Kolkata Knight Riders,South Africa,Bowler,2,1,201,24,38.56,,98,31,25,7.66,32.72,15,,Playing,9/9/2023
P211,Ruturaj Gaikwad,2025,MI,India,Batter,14,3,315,13,28.69,-10,37,53,11,4.57,31.83,9,2.08,Retained,11/17/2024
P098,Hardik Pandya,2023,KKR,India,Wicket Keeper,10,6,,49,63.13,88.25,24,47,25,6.5,19.79,12,9.21,Injured,27/02/2025
P203,KL Rahul,2024,Sunrisers Hyderabad,India,All-rounder,5,4,,45,77.12,140.44,78,35,24,5.27,26.73,8,,Released,10/21/2024
P143,KL RAHUL,2025,KKR,India,Bowler,10,1,,40,26.6,350,8,41,23,6.6,37.31,13,,Released,27/04/2023
P133, Hardik Pandya ,2025,MI,,Bowler,1,10,36,52,54.99,,9,18,25,8.16,32.14,7,,Playing,1/4/2024
P169,Suryakumar Yadav,2024,Kolkata Knight Riders,South Africa,Wicket Keeper,2,9,,110,78.36,350,8,16,26,9.7,39.93,1,15.91,Released,1/26/2024
P134, Virat Kohli ,2025,MI,South Africa,All-rounder,11,1,561,86,72.1,350,83,52,27,11.95,24.85,1,12.07,Retained,10/16/2023
P171,Jasprit Bumrah,2024,Kolkata Knight Riders,Australia,Batter,5,9,,150,29.85,350,97,30,6,6.33,38.58,0,,Released,9/12/2023
P090,MS DHONI,2025,SRH,South Africa,Batter,2,3,,1,49.69,172.01,65,10,0,6.43,21.03,13,,Injured,9/3/2024
P168, Rohit Sharma ,2024,Mumbai Indians,India,Bowler,11,11,804,17,57.76,,49,18,4,5.51,37.33,11,,Playing,30/06/2024
P111,MS Dhoni,2024,Sunrisers Hyderabad,South Africa,Batter,10,3,555,103,16.23,,37,44,14,4.38,44.41,13,,Retained,9/7/2024
P163,Shubman Gill,2024,Kolkata Knight Riders,England,Wicket Keeper,12,1,62,120,59.71,350,33,9,16,5.93,48.86,19,,Retained,6/7/2025
P155,ROHIT SHARMA,2024,CSK,New Zealand,All-rounder,7,7,,85,7.72,350,46,3,11,9.18,14.1,5,,Playing,10/30/2024
P051,JASPRIT BUMRAH,2025,Mumbai Indians,,Bowler,13,13,492,101,46.23,350,3,34,29,8.59,46.15,19,14.68,Injured,9/5/2023
P098,Jasprit Bumrah,2024,Mumbai Indians,Australia,Wicket Keeper,11,6,,21,73.82,350,5,46,27,8.94,38.75,4,,Released,27/04/2023
P066,Hardik Pandya,2025,Kolkata Knight Riders,India,Batter,10,10,122,24,24.31,,95,40,1,4.56,12.09,10,21.09,Injured,31/08/2024
P002,Rohit Sharma,2023,Kolkata Knight Riders,India,All-rounder,4,9,119,55,28.34,,91,13,1,7.45,34.07,5,,Injured,23/04/2025
P046,Shubman Gill,2024,Kolkata Knight Riders,South Africa,All-rounder,1,8,,31,72.62,120.4,33,13,3,10.04,16.16,13,6.31,Injured,5/5/2024
P014,KL Rahul,2024,Chennai Super Kings,India,Batter,14,4,266,101,66.97,-10,83,39,3,10.46,19.82,17,,Retained,10/16/2024
P056,Hardik Pandya,2023,MI,,Batter,4,8,,55,65.21,,44,23,27,9.56,43.05,18,6.28,Playing,23/08/2024
P122, KL Rahul ,2023,MI,New Zealand,All-rounder,3,4,,87,32.29,,70,58,4,7.38,27.48,2,,Playing,17/05/2023
P197,Suryakumar Yadav,2025,RCB,Australia,Wicket Keeper,6,9,,125,69.08,350,26,21,18,8.69,34.19,7,22.06,Injured,2/29/2024
P028,Ravindra Jadeja,2023,Mumbai Indians,South Africa,Wicket Keeper,11,5,112,17,5.29,350,10,9,14,3.06,31.5,17,,Playing,7/1/2025
P181,JASPRIT BUMRAH,2023,RCB,England,Bowler,3,2,,56,79.74,350,2,44,4,11.63,27.5,18,18.73,Retained,3/10/2024
P054, Suryakumar Yadav ,2024,KKR,India,Batter,5,0,211,117,55.17,350,7,17,8,3.65,18.79,1,6.76,Playing,2/22/2025
P113,Rohit Sharma,2023,Sunrisers Hyderabad,Australia,Bowler,13,2,386,103,14,115.24,12,46,2,5.17,29.07,10,14.18,Retained,7/10/2025
P192,Suryakumar Yadav,2025,Mumbai Indians,South Africa,Bowler,12,10,557,150,9.64,350,85,12,5,7.77,39.42,2,14.22,Playing,9/16/2024
P201,RUTURAJ GAIKWAD,2025,Kolkata Knight Riders,Australia,Wicket Keeper,5,9,,11,77.13,-10,59,40,9,11.66,30.97,3,14.49,Injured,10/11/2024
P164,Shubman Gill,2023,KKR,Australia,Bowler,12,9,392,86,24.46,350,98,36,25,7.97,34.77,13,,Injured,9/1/2025
P089,MS DHONI,2025,Mumbai Indians,Australia,Batter,0,14,,85,79.86,350,97,19,25,5.33,48.43,16,,Released,15/01/2024
P122,Hardik Pandya,2024,Chennai Super Kings,India,All-rounder,11,4,94,94,49.34,,20,1,15,8.33,37.6,9,,Playing,7/19/2023
P116,VIRAT KOHLI,2024,Royal Challengers Bengaluru,Australia,Bowler,6,13,261,0,27.01,-10,3,7,23,3.04,12.21,15,,Injured,2/3/2025
P004,Suryakumar Yadav,2025,MI,New Zealand,Wicket Keeper,1,8,,137,6.24,219.29,9,39,19,3.5,19.87,17,13.77,Injured,18/04/2025
P110,Shubman Gill,2023,RCB,Australia,Batter,0,14,816,110,62.52,,27,45,16,3.51,43.84,17,,Retained,2/18/2025
P123,Virat Kohli,2025,Mumbai Indians,India,All-rounder,11,0,808,48,63.88,-10,78,9,6,11.12,10.24,2,,Released,8/11/2025
P078,MS Dhoni,2023,RCB,,Wicket Keeper,13,1,,126,76.97,350,72,41,8,8.16,18.26,16,,Playing,18/03/2024
P052,KL Rahul,2023,RCB,South Africa,Wicket Keeper,9,12,,88,17.72,-10,67,34,1,10.56,18.95,15,,Released,6/1/2025
P147,Suryakumar Yadav,2024,Chennai Super Kings,New Zealand,Bowler,8,6,713,68,34.75,-10,66,3,20,10.91,18.8,11,,Retained,6/5/2023
P167,JASPRIT BUMRAH,2024,Mumbai Indians,New Zealand,Batter,11,0,676,74,72.76,113.05,67,11,10,4.89,11.36,0,24.87,Playing,26/07/2025
P096,SURYAKUMAR YADAV,2023,Mumbai Indians,India,Bowler,12,5,328,141,30.65,,39,2,2,7.21,33.5,9,22.21,Released,24/02/2024
P185,MS Dhoni,2023,CSK,Australia,Wicket Keeper,4,10,,50,20.18,-10,18,30,30,11.23,17.34,10,,Retained,9/9/2023
P159,Suryakumar Yadav,2024,Chennai Super Kings,South Africa,Bowler,5,3,,13,14.2,108.59,17,38,30,11.74,12.94,10,,Injured,12/11/2023
P041, KL Rahul ,2024,Sunrisers Hyderabad,New Zealand,Bowler,0,6,797,109,40.59,-10,30,29,25,8.98,41.18,12,19.03,Retained,6/5/2023
P135, Virat Kohli ,2024,Mumbai Indians,India,All-rounder,7,13,,131,63.01,,48,53,4,11.32,49.02,15,,Playing,28/06/2023
P060,MS Dhoni,2025,Mumbai Indians,England,All-rounder,5,5,172,78,73.75,176.69,87,59,10,8.3,11.59,3,22.1,Retained,11/6/2024
P165,SURYAKUMAR YADAV,2025,Royal Challengers Bengaluru,,Batter,2,9,244,89,13.41,116.36,29,22,6,6.07,46.48,12,3.75,Released,4/5/2024
P193,SHUBMAN GILL,2023,Chennai Super Kings,Australia,Batter,2,2,,13,5.94,,0,37,20,7.99,10.63,8,24.93,Retained,2/28/2025
P215,Virat Kohli,2023,RCB,Australia,Batter,10,7,297,86,61.33,134.62,71,28,3,9.18,12.64,16,20.87,Retained,12/18/2023
P067,KL Rahul,2023,RCB,New Zealand,Bowler,11,0,9,130,54.39,174.01,74,40,14,4.69,10.27,9,,Released,11/15/2023
P192,Suryakumar Yadav,2025,Chennai Super Kings,Australia,Bowler,3,11,,115,60.77,,57,54,9,9.13,32,8,,Playing,4/6/2023
P163,Ruturaj Gaikwad,2024,MI,South Africa,Wicket Keeper,14,5,312,57,33.67,350,52,43,1,9.12,20.98,11,,Injured,6/8/2025
P029,Ravindra Jadeja,2024,RCB,South Africa,Batter,9,14,145,18,41.78,,26,36,28,5.03,10.64,2,,Playing,14/12/2023
P075,SURYAKUMAR YADAV,2024,Chennai Super Kings,,Wicket Keeper,8,6,666,145,73.06,159.36,53,30,30,7.57,46.6,15,,Released,16/07/2023
P160,Ruturaj Gaikwad,2023,Mumbai Indians,,Wicket Keeper,6,0,567,125,35.66,-10,25,45,27,6.68,13.9,5,,Playing,18/08/2025
P023, RUTURAJ GAIKWAD ,2025,Chennai Super Kings,India,Bowler,2,2,850,130,44.96,350,70,46,7,5,14.36,17,,Retained,8/19/2024
P138,Shubman Gill,2024,MI,India,All-rounder,2,12,,11,49.73,350,37,14,10,5.26,34.3,1,,Playing,9/18/2024
P105,Suryakumar Yadav,2023,Kolkata Knight Riders,New Zealand,Bowler,0,1,,66,39.38,350,87,6,6,8.41,47.56,10,,Injured,5/10/2024
P100,Shubman Gill,2023,SRH,,Bowler,9,3,125,15,55.96,350,33,58,24,9.7,28.47,13,,Released,10/20/2023
P031, Jasprit Bumrah ,2023,Royal Challengers Bengaluru,,Batter,2,8,389,110,35.62,-10,65,4,6,10.59,39.5,12,19.97,Injured,9/30/2024
P220,ROHIT SHARMA,2023,CSK,,Bowler,2,6,708,35,50.8,122.06,46,54,0,11.34,36.32,9,6.88,Playing,3/3/2025
P011,SURYAKUMAR YADAV,2023,Mumbai Indians,New Zealand,All-rounder,2,10,539,73,6.18,,19,17,10,9.67,21.86,16,9.06,Playing,12/8/2024
P171, Jasprit Bumrah ,2025,CSK,England,Wicket Keeper,2,0,,53,69.55,171.08,96,40,11,8.11,13.75,20,21.16,Released,8/3/2025
P214,Shubman Gill,2024,Chennai Super Kings,Australia,Wicket Keeper,13,4,,74,62.13,350,40,30,30,7.3,36.7,7,16.08,Injured,4/2/2025
P070,Virat Kohli,2024,CSK,,All-rounder,13,0,493,146,35.65,350,48,37,21,5.73,38.65,8,7.72,Playing,7/23/2023
P145,KL Rahul,2023,Sunrisers Hyderabad,India,Batter,3,4,213,74,75.01,350,94,23,10,4.05,49.13,9,,Playing,12/7/2024
P164,MS Dhoni,2025,Kolkata Knight Riders,England,Wicket Keeper,5,0,,22,17.41,201.5,72,29,29,5.02,26.53,2,12.27,Released,4/9/2024
P170,Shubman Gill,2024,RCB,Australia,Bowler,2,11,,53,59.82,167.81,97,8,1,6.39,15.57,17,8.13,Released,4/9/2024
P094, Virat Kohli ,2024,Sunrisers Hyderabad,,Bowler,14,7,742,37,11.35,350,84,19,24,9.31,26.92,9,17.09,Playing,7/10/2023
P098,Virat Kohli,2025,RCB,South Africa,Batter,8,3,280,67,18.49,159.62,10,52,4,9.56,42.12,20,,Released,12/27/2023
P073,Rohit Sharma,2025,KKR,New Zealand,Wicket Keeper,10,4,203,65,21.03,350,7,21,2,3.72,38.78,0,7.6,Injured,4/23/2024
P031,Jasprit Bumrah,2024,Kolkata Knight Riders,,Bowler,12,4,,100,10.6,,30,44,14,8.18,14.94,14,21.65,Retained,16/04/2025
P133, Ravindra Jadeja ,2025,SRH,Australia,Batter,8,4,,121,28.54,98.92,16,37,30,8.49,38.56,10,21.25,Playing,23/03/2024
P146, Jasprit Bumrah ,2024,KKR,India,Batter,4,13,545,35,10.51,210.99,4,53,6,3.11,39.6,4,,Playing,7/18/2023
P119,Suryakumar Yadav,2023,MI,Australia,All-rounder,0,9,702,99,24.97,-10,61,57,3,7.31,16.62,11,0.25,Injured,6/27/2025
P045,MS DHONI,2023,SRH,Australia,All-rounder,7,0,,20,30.56,213.3,26,7,16,9.58,12.08,7,,Released,6/14/2023
P178,MS Dhoni,2024,Mumbai Indians,New Zealand,Bowler,5,10,,60,74.37,204.54,68,33,29,7.57,11.14,13,,Retained,2/24/2025
P210,Shubman Gill,2024,MI,South Africa,Wicket Keeper,11,6,338,150,28.06,-10,13,52,21,5.16,32.93,8,,Released,3/23/2025
P053,SHUBMAN GILL,2025,Sunrisers Hyderabad,Australia,Batter,4,7,873,146,50.3,,39,4,2,10.36,47.62,15,,Injured,12/31/2023
P194,Jasprit Bumrah,2025,Kolkata Knight Riders,Australia,Batter,4,12,663,135,73.4,350,83,4,12,3.73,42.29,5,,Retained,10/21/2024
P152, ROHIT SHARMA ,2025,CSK,Australia,Wicket Keeper,4,13,347,106,46.18,85.7,94,13,26,9.53,27.17,12,,Retained,8/29/2023
P105, Ruturaj Gaikwad ,2025,Sunrisers Hyderabad,England,Wicket Keeper,0,14,392,36,47.74,,99,46,5,3.23,40.16,9,15.31,Released,4/18/2024
P079,SURYAKUMAR YADAV,2025,Kolkata Knight Riders,Australia,Bowler,12,10,,87,23.45,-10,25,7,27,7.78,32.01,8,,Playing,5/9/2024
P029,RUTURAJ GAIKWAD,2024,Chennai Super Kings,New Zealand,Bowler,12,1,,149,73.42,,80,14,26,6.46,44.85,12,,Retained,5/14/2024
P015,RUTURAJ GAIKWAD,2024,Royal Challengers Bengaluru,Australia,Wicket Keeper,5,14,52,77,8.7,,39,35,27,6.3,39.26,6,23.83,Injured,7/1/2023
P069,ROHIT SHARMA,2024,CSK,South Africa,Batter,6,4,,120,46.22,218.41,94,49,11,5.43,19.72,15,22.4,Released,25/07/2025
P123,Hardik Pandya,2025,Kolkata Knight Riders,India,Batter,5,11,110,123,25.54,-10,18,15,28,3.25,40.28,4,9.1,Injured,8/31/2023
P160,Suryakumar Yadav,2023,RCB,New Zealand,Wicket Keeper,4,4,487,146,43.68,,26,52,3,8.84,45.03,18,,Injured,8/16/2023
P155, Hardik Pandya ,2023,SRH,Australia,Bowler,2,9,180,119,15.49,166.34,48,51,12,9.86,15.69,19,,Released,4/14/2023
P153,Hardik Pandya,2024,Royal Challengers Bengaluru,New Zealand,Batter,0,9,,29,13.82,,60,7,25,3.23,37.74,20,21.59,Injured,10/5/2023
P145,Virat Kohli,2024,Sunrisers Hyderabad,India,Batter,2,2,,61,15.86,,63,16,11,6.19,42.79,12,,Playing,2/4/2025
P049, RAVINDRA JADEJA ,2025,Chennai Super Kings,England,Bowler,6,0,590,64,62.59,,32,59,13,4.43,43.18,5,,Released,5/31/2025
P035,Hardik Pandya,2025,RCB,Australia,Wicket Keeper,4,10,639,59,48.61,,76,0,18,5.84,45.72,9,9.12,Playing,11/17/2023
P148,KL RAHUL,2025,Kolkata Knight Riders,South Africa,Bowler,1,0,,7,54.88,,29,11,27,10.53,12.15,11,14.65,Retained,6/9/2024
P004,Rohit Sharma,2024,MI,,All-rounder,0,9,,74,14.27,-10,23,37,11,6.28,45.36,12,2.51,Released,6/17/2023
P081,Hardik Pandya,2025,Chennai Super Kings,Australia,Wicket Keeper,0,11,14,97,49.7,-10,2,46,29,4,43.05,9,,Retained,5/26/2025
P078, KL Rahul ,2025,Mumbai Indians,South Africa,All-rounder,12,5,,86,26.59,163.33,82,6,19,10.03,40.08,4,22.38,Released,1/15/2024
P142,Shubman Gill,2024,CSK,Australia,Batter,11,9,713,7,6.58,92.6,98,56,5,9.1,33.56,20,14.27,Playing,11/20/2024
P086,Hardik Pandya,2025,Kolkata Knight Riders,South Africa,Wicket Keeper,2,0,886,121,30.69,-10,89,13,20,3.49,41.56,13,19.43,Injured,11/18/2024
P093, Ruturaj Gaikwad ,2025,CSK,England,Wicket Keeper,13,11,305,116,28.17,-10,22,50,15,11.92,38.09,17,7.32,Injured,21/08/2024
P146,KL Rahul,2025,Sunrisers Hyderabad,South Africa,Batter,4,10,29,90,27.78,,16,42,30,9.76,25.83,6,14.54,Injured,8/8/2025
P017,ROHIT SHARMA,2025,Mumbai Indians,Australia,All-rounder,0,13,579,71,56.94,116.46,14,24,14,8.26,10.64,12,2.43,Playing,7/28/2025
P185,KL RAHUL,2023,RCB,South Africa,Batter,6,3,342,86,50.87,350,85,3,23,8.74,46.83,0,17.29,Playing,7/11/2024
P064,Suryakumar Yadav,2025,Mumbai Indians,Australia,Batter,4,3,674,128,73.6,203.33,85,55,3,11.56,36.58,0,21.4,Injured,10/24/2024
P195,VIRAT KOHLI,2023,Chennai Super Kings,South Africa,Wicket Keeper,8,12,345,57,52.01,,52,5,21,9.86,19.21,10,,Injured,10/8/2023
P209,Rohit Sharma,2023,RCB,New Zealand,Wicket Keeper,7,0,,62,18.54,,26,34,12,6.57,18.65,12,12.21,Injured,20/12/2023
P165,Shubman Gill,2025,SRH,,Batter,11,6,,78,52.64,350,93,24,21,11.58,11.16,4,,Released,4/8/2023
P037,ROHIT SHARMA,2025,Chennai Super Kings,India,All-rounder,3,10,326,53,48.7,350,37,42,2,10.82,21.22,3,15.88,Released,1/31/2025
P110, MS DHONI ,2023,KKR,England,All-rounder,4,10,879,20,5.11,-10,34,50,24,11.61,38.48,16,,Released,18/08/2025
P159,SURYAKUMAR YADAV,2025,KKR,New Zealand,Wicket Keeper,12,13,114,4,29.48,350,76,0,3,3.62,46.66,15,9.39,Retained,8/2/2024
P094,Suryakumar Yadav,2024,SRH,New Zealand,Wicket Keeper,6,5,,51,59.46,-10,41,50,28,6.06,40.24,4,,Injured,3/15/2024
P129, SURYAKUMAR YADAV ,2025,Chennai Super Kings,South Africa,Wicket Keeper,7,5,,82,6.17,188.77,38,11,19,10.71,43.14,9,8.19,Released,4/20/2025
P197,Ruturaj Gaikwad,2023,Mumbai Indians,England,All-rounder,5,3,,34,50.21,-10,38,18,20,3.39,31.82,2,,Injured,13/03/2025
P015,ROHIT SHARMA,2024,RCB,India,All-rounder,5,13,585,36,36.68,-10,90,45,17,5.25,35.41,11,,Playing,12/21/2024
P034,RAVINDRA JADEJA,2025,SRH,Australia,All-rounder,9,5,859,95,7.04,,36,27,28,3.33,26.42,7,22.38,Playing,11/13/2024
P151,Ravindra Jadeja,2024,Chennai Super Kings,Australia,Bowler,11,13,,23,28.2,350,77,56,4,4.57,17.36,2,,Released,10/8/2023
P153, KL Rahul ,2024,Chennai Super Kings,New Zealand,Bowler,4,4,783,27,45.92,-10,44,24,26,8.11,31.54,3,,Released,8/11/2025
P067,Rohit Sharma,2025,CSK,New Zealand,Wicket Keeper,2,4,246,149,8.9,156.77,14,57,16,3.31,45.11,6,19.93,Injured,7/4/2025
P136,Shubman Gill,2024,Sunrisers Hyderabad,New Zealand,All-rounder,0,14,829,124,64.1,350,100,38,20,7.57,46.67,5,1.67,Playing,4/4/2025
P156, Hardik Pandya ,2025,MI,South Africa,All-rounder,8,3,651,80,71.58,,6,22,21,8.33,14.86,7,,Injured,21/10/2024
P087,MS Dhoni,2023,Royal Challengers Bengaluru,England,All-rounder,6,5,,140,61.09,,96,30,16,11.98,49.54,14,13.54,Released,1/3/2025
P015,Ruturaj Gaikwad,2025,Royal Challengers Bengaluru,England,Wicket Keeper,5,13,718,104,35.42,350,49,58,2,8.73,21.18,10,,Retained,12/31/2024
P031,RAVINDRA JADEJA,2025,Royal Challengers Bengaluru,New Zealand,All-rounder,13,1,93,43,72.76,350,77,48,16,11.44,45.41,17,,Playing,10/3/2023
P032,Shubman Gill,2024,Kolkata Knight Riders,South Africa,Batter,7,7,770,134,16.85,350,81,7,29,11.43,48.5,16,,Released,1/7/2024
P161,Ravindra Jadeja,2025,Kolkata Knight Riders,South Africa,Bowler,11,7,565,38,35.44,350,53,14,19,3.79,44.87,1,,Retained,1/7/2024
P211,RUTURAJ GAIKWAD,2023,KKR,South Africa,Bowler,1,0,,86,21.28,,21,24,3,9.63,39.85,2,,Retained,16/06/2024
P066,Hardik Pandya,2025,Chennai Super Kings,,Bowler,9,12,642,76,18.72,350,48,59,14,5.3,48.58,16,9.78,Released,6/11/2023
P060,Ruturaj Gaikwad,2023,KKR,New Zealand,Bowler,6,3,,82,47.16,,98,60,21,9.4,37.4,14,,Injured,8/13/2024
P199,Shubman Gill,2025,Mumbai Indians,Australia,Wicket Keeper,9,5,,14,62.55,207.56,48,22,3,9.49,22.47,9,,Injured,10/29/2024
P077,Shubman Gill,2025,CSK,South Africa,Batter,13,1,,59,69.12,136.68,86,4,9,8.87,27.83,18,20.29,Retained,15/07/2024
P157, Ravindra Jadeja ,2024,RCB,England,Wicket Keeper,13,11,61,10,6.25,,54,35,6,7.63,24.57,10,9.58,Released,3/11/2023
P012,SURYAKUMAR YADAV,2024,Chennai Super Kings,India,Batter,3,10,,55,26.23,-10,20,25,9,8.26,43.39,9,,Retained,7/10/2024
P003, KL Rahul ,2023,KKR,New Zealand,Wicket Keeper,9,3,782,53,8.36,-10,82,31,17,9.69,19.26,13,,Released,10/25/2023
P192,ROHIT SHARMA,2023,Sunrisers Hyderabad,Australia,All-rounder,11,8,381,2,17.07,-10,74,50,7,6.3,26.48,4,,Injured,8/7/2025
P169,Suryakumar Yadav,2025,KKR,India,Batter,3,9,751,78,34.65,350,86,50,12,4.31,46.37,19,14.07,Retained,3/29/2024
P177,Hardik Pandya,2024,MI,England,All-rounder,2,0,438,32,30.42,,75,46,8,10.04,11.81,20,,Playing,30/01/2024
P195,KL RAHUL,2025,Kolkata Knight Riders,India,Wicket Keeper,0,6,482,124,26.09,-10,67,21,5,6.66,22.42,18,,Released,8/15/2025
P007, Shubman Gill ,2025,Royal Challengers Bengaluru,England,Batter,3,2,,73,69.93,-10,16,12,14,10.53,33.89,11,,Retained,1/6/2025
P038,Virat Kohli,2025,RCB,South Africa,Batter,12,2,456,120,26.83,350,62,37,24,7.72,33.89,1,,Retained,12/5/2024
P091,Hardik Pandya,2024,Sunrisers Hyderabad,England,Wicket Keeper,10,9,10,40,13.61,350,55,18,24,5.52,34.45,12,24.18,Retained,12/23/2024
P008, MS Dhoni ,2024,RCB,South Africa,Batter,2,6,851,77,40.78,178.8,93,16,5,10.54,49.9,5,,Playing,21/12/2023
P096,RUTURAJ GAIKWAD,2023,Mumbai Indians,Australia,Bowler,8,9,234,11,75.88,,94,43,24,3.23,13.44,5,13.04,Injured,5/4/2025
P008,Ravindra Jadeja,2023,Kolkata Knight Riders,England,Batter,10,14,598,115,76.77,,49,14,26,5.48,45.19,18,5.42,Injured,7/5/2025
P211,Rohit Sharma,2023,Sunrisers Hyderabad,India,All-rounder,10,12,,94,13.85,-10,31,27,17,10.19,44.39,0,,Retained,1/2/2024
P155, Ravindra Jadeja ,2025,CSK,England,Wicket Keeper,11,6,,94,38.84,-10,69,7,2,9.32,27.81,8,,Retained,23/03/2025
P097,SHUBMAN GILL,2024,Chennai Super Kings,,Bowler,9,11,,103,50.47,211.55,26,37,27,7.3,45.3,17,,Playing,4/12/2025
P122,VIRAT KOHLI,2023,Sunrisers Hyderabad,India,Bowler,9,13,516,25,6.64,-10,96,53,18,5.2,38.05,8,1.79,Playing,11/25/2024
P055,Virat Kohli,2025,Kolkata Knight Riders,India,Wicket Keeper,13,4,,8,69.72,-10,84,37,21,9.01,42.83,4,,Playing,1/1/2024
P216,Rohit Sharma,2024,CSK,Australia,Batter,14,9,739,109,58.33,-10,16,38,0,10.21,16.26,13,,Playing,15/07/2024
P188,Rohit Sharma,2023,MI,New Zealand,Bowler,11,2,765,27,26.56,105.56,5,14,8,5.42,32.01,10,13.84,Injured,11/11/2024
P126,MS Dhoni,2025,Sunrisers Hyderabad,South Africa,All-rounder,6,6,430,0,70.71,-10,97,5,10,11.39,31.7,0,,Released,29/05/2023
P188, Jasprit Bumrah ,2024,Kolkata Knight Riders,,Wicket Keeper,0,8,,31,12.08,350,2,16,29,6.08,45.95,14,19.21,Injured,9/14/2023
P052, SURYAKUMAR YADAV ,2025,Chennai Super Kings,South Africa,Bowler,6,10,91,0,57.46,350,23,31,5,9.52,36.35,9,8.85,Playing,4/9/2023
P007,KL Rahul,2023,MI,,All-rounder,12,14,,100,75.42,350,16,54,17,3.2,32.89,16,5.2,Retained,23/10/2024
P118,Suryakumar Yadav,2024,RCB,,Wicket Keeper,5,7,,122,32.67,350,92,27,21,5.85,17.46,11,,Retained,25/12/2024
P126, SURYAKUMAR YADAV ,2024,Chennai Super Kings,South Africa,Wicket Keeper,3,10,441,133,22.37,,1,46,1,9.75,47.39,0,,Released,10/11/2024
P008,JASPRIT BUMRAH,2025,CSK,England,Bowler,11,8,766,62,15.94,211.61,90,16,11,9.08,18.34,20,,Released,10/26/2024
P113,Jasprit Bumrah,2024,RCB,,Batter,3,13,763,75,25.56,-10,30,31,27,11.31,19.03,10,,Released,1/8/2025
P160,KL Rahul,2023,RCB,India,All-rounder,9,8,,102,30.18,88.78,43,48,22,11.38,36.44,11,3.27,Injured,10/13/2023
P053,Ravindra Jadeja,2025,Chennai Super Kings,South Africa,All-rounder,7,8,,74,47.33,,32,41,0,3.37,26.13,16,,Retained,13/10/2024
P200,Ruturaj Gaikwad,2023,RCB,New Zealand,All-rounder,12,6,880,25,7.81,,0,5,11,8.12,42.36,8,10.72,Playing,8/5/2025
P212,SURYAKUMAR YADAV,2023,Kolkata Knight Riders,South Africa,Bowler,12,0,,17,63.74,-10,10,29,19,9.52,27,6,,Retained,9/15/2024
P004, Suryakumar Yadav ,2024,MI,,Bowler,6,12,531,17,60.1,350,59,33,20,9.44,47.09,2,2.98,Retained,6/6/2025
P045,Shubman Gill,2023,Kolkata Knight Riders,,Wicket Keeper,10,0,675,106,46.41,124.56,44,35,0,10.91,31.91,19,2.81,Playing,7/15/2024
P031,Shubman Gill,2025,Mumbai Indians,England,Bowler,1,4,594,145,32.35,212.18,50,8,20,8.19,29.2,12,23.83,Retained,9/10/2023
P014,Hardik Pandya,2023,CSK,New Zealand,Batter,0,9,604,83,64.14,125.12,34,1,1,3.63,49.48,19,19.28,Retained,7/16/2025
P103, SURYAKUMAR YADAV ,2024,CSK,South Africa,Wicket Keeper,9,1,674,18,25.25,145.2,98,12,1,7.88,30.84,8,,Retained,5/9/2024
P126,HARDIK PANDYA,2024,RCB,Australia,Wicket Keeper,1,10,34,13,23.04,,34,54,0,7.58,29.5,8,1.7,Injured,26/12/2024
P204,Ravindra Jadeja,2024,CSK,New Zealand,Batter,5,7,,150,28.08,121.92,69,3,18,11.27,22.82,19,,Retained,24/08/2025
P127, Virat Kohli ,2024,Sunrisers Hyderabad,England,Wicket Keeper,14,2,,144,31.2,-10,31,34,10,3.79,23.81,8,6.56,Retained,23/07/2023
P215,Hardik Pandya,2023,Kolkata Knight Riders,South Africa,Bowler,6,12,122,43,43.89,350,77,42,3,7.21,26.01,10,,Retained,12/31/2023
P004,Rohit Sharma,2024,Sunrisers Hyderabad,New Zealand,Batter,9,12,50,114,76.94,,18,13,30,11.95,10.69,10,7.31,Playing,27/02/2024
P100, Jasprit Bumrah ,2023,SRH,England,Bowler,2,1,313,107,62.95,-10,44,60,8,6.58,18.55,16,,Retained,3/27/2025
P039,Shubman Gill,2024,SRH,,Wicket Keeper,4,9,518,5,19.45,,73,10,17,4.05,38.16,4,,Released,12/2/2023
P116, Virat Kohli ,2025,Chennai Super Kings,India,Bowler,13,11,703,76,25.31,350,70,55,14,4.87,25.68,1,15.46,Released,12/7/2024
P126,KL Rahul,2023,Royal Challengers Bengaluru,India,All-rounder,1,10,,54,12.93,189.92,90,31,25,9.66,33.33,7,4.48,Retained,7/3/2025
P036, KL Rahul ,2025,Kolkata Knight Riders,New Zealand,All-rounder,1,10,697,49,37.24,-10,77,27,18,7.28,23.79,12,20.63,Injured,11/5/2024
P033,Ravindra Jadeja,2025,Chennai Super Kings,,All-rounder,1,12,27,82,43.57,-10,11,17,13,11.51,44.77,0,,Retained,2/16/2024
P173,Rohit Sharma,2024,SRH,,Wicket Keeper,12,10,,98,26.67,117.72,29,43,17,9.96,26.39,18,0.22,Playing,7/9/2024
P214,Virat Kohli,2025,SRH,South Africa,Batter,14,14,796,86,10.58,350,21,9,0,7.8,43.51,8,8.66,Retained,2/25/2025
P016,Ruturaj Gaikwad,2025,Mumbai Indians,New Zealand,Wicket Keeper,13,6,,67,39.84,,91,60,25,6.06,10.4,15,11.92,Injured,5/5/2024
P005,Suryakumar Yadav,2024,Sunrisers Hyderabad,,Bowler,7,4,620,16,70.53,,47,43,29,9.13,46.91,11,,Retained,15/10/2024
P215,ROHIT SHARMA,2023,RCB,,Wicket Keeper,3,13,395,72,75.48,350,8,18,5,5.16,45.1,18,,Released,12/3/2023
P102,SURYAKUMAR YADAV,2024,Royal Challengers Bengaluru,,Wicket Keeper,2,7,491,17,34.34,-10,7,54,16,7.48,11.2,18,18.15,Released,5/12/2023
P080,MS Dhoni,2024,Sunrisers Hyderabad,India,Wicket Keeper,7,9,775,51,53.58,139.77,9,59,19,5.65,31.88,6,1.07,Retained,5/31/2023
P096,MS Dhoni,2023,KKR,South Africa,All-rounder,4,1,679,78,65.96,,26,45,3,4.58,11.07,15,7.58,Playing,4/18/2024
P067,MS Dhoni,2024,Kolkata Knight Riders,New Zealand,All-rounder,10,3,807,50,37.84,350,59,49,30,4.11,24.1,12,,Retained,10/9/2023
P154,JASPRIT BUMRAH,2025,Kolkata Knight Riders,,Wicket Keeper,8,2,,3,45.33,189.79,23,28,22,5.56,13.27,1,1.84,Released,1/19/2024
P140,SHUBMAN GILL,2025,SRH,Australia,All-rounder,10,5,,4,39.68,-10,0,49,17,10.05,39.75,1,,Playing,12/29/2023
P139, Jasprit Bumrah ,2025,CSK,England,Batter,9,10,,23,76.13,350,75,15,21,10.36,48.13,11,10.09,Playing,26/11/2024
P008,KL Rahul,2024,MI,England,Bowler,2,10,666,43,5.16,350,99,27,12,10.41,38.71,15,6.98,Playing,8/30/2024
P162,Ruturaj Gaikwad,2025,Chennai Super Kings,Australia,All-rounder,12,14,28,116,29.53,105.33,49,55,15,6.63,45.75,6,16.28,Playing,7/17/2025
P081,Ruturaj Gaikwad,2024,RCB,New Zealand,Bowler,0,12,,92,19.28,-10,94,28,12,5.92,26.79,1,11.12,Playing,3/21/2025
P033, KL Rahul ,2023,KKR,India,Batter,2,9,417,57,9.43,128.06,55,45,17,3.73,29.35,4,,Released,5/20/2025
P103,RUTURAJ GAIKWAD,2023,Kolkata Knight Riders,New Zealand,Wicket Keeper,8,7,522,60,45.8,350,1,44,0,4.8,39.3,1,,Playing,6/3/2025
P146,Hardik Pandya,2024,Royal Challengers Bengaluru,,Wicket Keeper,3,1,284,141,21.54,125.6,2,56,3,3.86,22.95,18,1.57,Injured,11/24/2024
P017,ROHIT SHARMA,2025,Kolkata Knight Riders,India,All-rounder,8,10,,93,51.95,,66,25,4,6.26,13.26,3,9.4,Playing,12/10/2024
P132,JASPRIT BUMRAH,2025,CSK,Australia,Bowler,13,4,410,139,58.46,350,58,51,8,4,29.06,9,,Retained,11/7/2023
P104,ROHIT SHARMA,2023,Royal Challengers Bengaluru,Australia,Wicket Keeper,4,1,304,47,19.69,-10,47,56,29,4.32,28.1,6,6.28,Released,8/28/2023
P004,KL Rahul,2024,CSK,New Zealand,Wicket Keeper,1,0,236,14,5.47,191.73,83,2,21,5.34,39.75,2,,Injured,9/23/2024
P112,VIRAT KOHLI,2023,SRH,Australia,Batter,12,9,,80,45.63,350,17,31,14,8.21,45.45,18,8.43,Released,12/31/2024
P129,VIRAT KOHLI,2025,Chennai Super Kings,India,Batter,2,3,42,2,38.81,,10,17,29,7.03,30.61,13,,Released,10/10/2023
P161,MS DHONI,2025,Royal Challengers Bengaluru,New Zealand,Wicket Keeper,5,8,466,102,27.25,186.5,57,12,16,4.4,45.86,16,5.12,Injured,9/9/2024
P217,Shubman Gill,2025,RCB,England,Bowler,12,9,345,146,29.79,350,2,16,18,10.45,33.17,10,19.08,Retained,2/12/2024
P061,RAVINDRA JADEJA,2023,Sunrisers Hyderabad,,Bowler,3,10,201,77,17.54,,22,41,29,10.11,26.83,9,,Released,7/30/2023
P024,Hardik Pandya,2025,Kolkata Knight Riders,New Zealand,Wicket Keeper,12,10,819,54,49.32,-10,38,26,27,6.01,36.42,1,,Playing,5/26/2025
P128,Shubman Gill,2024,Royal Challengers Bengaluru,South Africa,Wicket Keeper,11,4,,74,15.09,135.45,97,39,26,10.93,32.06,15,21.41,Retained,7/20/2025
P217,Suryakumar Yadav,2024,KKR,Australia,Bowler,13,13,240,109,41.86,-10,16,47,15,6.55,41.44,4,,Playing,12/1/2023
P169, Shubman Gill ,2023,Chennai Super Kings,India,Wicket Keeper,0,10,,27,64.37,,5,2,11,3.58,13.93,11,,Retained,10/2/2025
P073,Ruturaj Gaikwad,2025,Royal Challengers Bengaluru,,Wicket Keeper,10,7,553,46,77.97,,64,53,17,4.4,12.45,14,,Playing,5/8/2025
P154,Hardik Pandya,2023,RCB,India,Bowler,13,9,,117,24.69,,32,16,9,6.07,26.35,9,,Injured,2/4/2023
P149,MS Dhoni,2024,RCB,India,Wicket Keeper,1,5,194,43,33.01,350,48,24,25,8.67,21.15,10,,Retained,7/4/2024
P039,Ruturaj Gaikwad,2023,MI,England,All-rounder,6,10,99,66,44.19,,100,36,7,6.67,13.02,4,,Injured,2/27/2025
P073,KL Rahul,2025,Kolkata Knight Riders,New Zealand,All-rounder,7,12,,107,37.4,350,4,0,22,5.95,43.35,16,2.08,Playing,7/28/2024
P092,Jasprit Bumrah,2023,Mumbai Indians,India,Batter,9,11,735,19,46.2,-10,97,34,29,5.44,42.39,7,,Released,29/05/2025
P170,Ruturaj Gaikwad,2024,Sunrisers Hyderabad,South Africa,Bowler,3,10,827,143,26.62,198.24,46,58,10,7.64,44.59,10,12.27,Injured,6/5/2025
P113,Hardik Pandya,2025,SRH,Australia,Batter,8,12,671,148,71.23,350,74,45,20,7.41,21.79,4,,Playing,5/4/2023
P087,Hardik Pandya,2023,MI,South Africa,Batter,4,14,,17,41.72,350,39,24,5,10.13,32.54,20,,Injured,11/25/2024
P002,RUTURAJ GAIKWAD,2024,MI,England,Bowler,2,1,463,93,78.12,110.82,21,44,3,10.02,33.27,17,15.28,Injured,4/7/2025
P041,Suryakumar Yadav,2024,Sunrisers Hyderabad,Australia,Batter,5,1,183,119,29.79,,44,13,27,5.29,40.69,14,14,Playing,4/1/2025
P212, Jasprit Bumrah ,2024,SRH,New Zealand,Wicket Keeper,7,12,,11,62.4,-10,16,30,9,8.85,49.99,18,9.54,Retained,29/01/2025
P111,VIRAT KOHLI,2025,Chennai Super Kings,New Zealand,Wicket Keeper,4,11,217,34,16.81,93.56,95,34,18,8.89,31.08,17,,Retained,31/05/2024
P125,VIRAT KOHLI,2024,Mumbai Indians,India,All-rounder,8,1,240,138,76.08,,17,47,12,8.28,48.57,8,,Playing,7/4/2023
P055,JASPRIT BUMRAH,2024,MI,India,Bowler,11,8,604,119,37.48,83.07,8,56,11,5.87,14.33,19,,Released,20/07/2025
P160,RAVINDRA JADEJA,2023,Royal Challengers Bengaluru,England,Bowler,7,0,,50,26.29,187.44,61,58,18,11.63,14.85,7,7.66,Retained,1/26/2024
P174,JASPRIT BUMRAH,2023,Royal Challengers Bengaluru,England,Wicket Keeper,12,2,427,119,24.41,212.59,16,21,21,9.27,38.85,6,5.68,Retained,6/4/2023
P220,KL RAHUL,2023,RCB,England,Bowler,4,5,816,144,44.31,,42,27,2,8.72,22.45,0,,Released,9/11/2024
P108,KL RAHUL,2024,SRH,,Batter,5,10,,32,58.28,-10,61,28,16,4.01,22.7,12,13.83,Retained,5/20/2023
P115, Rohit Sharma ,2024,RCB,India,Bowler,9,8,194,16,6.7,350,42,11,26,9.11,13.11,5,2.51,Playing,4/18/2025
P051,KL RAHUL,2023,RCB,India,Wicket Keeper,14,10,205,38,15.61,-10,37,26,7,7.84,42.58,20,14.03,Playing,6/10/2023
P184,RUTURAJ GAIKWAD,2024,MI,,Wicket Keeper,12,2,,92,50.83,-10,9,37,5,4.6,44.88,7,,Retained,2/25/2024
P189, Hardik Pandya ,2024,RCB,New Zealand,All-rounder,1,2,,131,53.37,,12,47,26,3.44,41.35,6,23.53,Playing,5/16/2023
P014,Virat Kohli,2024,RCB,England,Bowler,13,12,340,74,56.28,350,9,29,13,3.78,27.8,7,,Playing,5/6/2024
P155,Virat Kohli,2024,Chennai Super Kings,,All-rounder,7,1,69,122,70.14,-10,82,14,4,6.01,35.06,20,3.49,Playing,20/04/2023
P100,Virat Kohli,2023,Sunrisers Hyderabad,England,Bowler,13,4,862,32,35.9,350,50,21,30,10.01,29.61,1,,Released,10/10/2024
P185,Jasprit Bumrah,2025,SRH,South Africa,Batter,1,7,857,25,63.87,81.95,69,56,18,7.09,37.81,2,0.39,Injured,11/5/2023
P032,SHUBMAN GILL,2025,MI,India,All-rounder,11,3,,141,9.57,,83,29,14,5.66,26.91,7,,Injured,5/30/2025
P158,Rohit Sharma,2025,Mumbai Indians,Australia,All-rounder,13,0,277,103,31.87,148.89,82,43,8,5.6,11.82,19,,Injured,12/2/2024
P031, Ravindra Jadeja ,2024,Mumbai Indians,South Africa,Wicket Keeper,1,11,,130,63.41,110.13,69,0,1,9.21,15.66,9,8.97,Released,3/10/2023
P129,ROHIT SHARMA,2025,Mumbai Indians,England,All-rounder,8,8,759,79,52.14,350,80,53,28,3.72,13.96,10,8.1,Released,28/04/2025
P018,Suryakumar Yadav,2025,RCB,England,Wicket Keeper,9,8,340,61,59.19,-10,66,11,16,3.26,25.29,0,,Injured,4/20/2023
P127,RUTURAJ GAIKWAD,2023,CSK,India,Batter,12,11,764,47,8.6,-10,91,25,25,10.64,41.59,9,,Retained,8/26/2025
P079,Ruturaj Gaikwad,2025,Sunrisers Hyderabad,South Africa,Wicket Keeper,1,10,,26,32.04,350,76,1,19,6.37,24.98,16,1.26,Injured,8/28/2025
P023,Shubman Gill,2024,CSK,,Bowler,5,7,,44,37.08,350,79,50,28,7.06,28.83,4,2.17,Playing,3/30/2025
P172,SHUBMAN GILL,2025,Kolkata Knight Riders,,Wicket Keeper,0,11,790,103,14.89,,68,18,26,4.76,18.05,7,,Injured,6/16/2024
P201,HARDIK PANDYA,2024,Sunrisers Hyderabad,England,Batter,12,2,426,5,44.73,141.37,96,14,12,6.48,33,3,23.41,Released,8/7/2023
P165, Hardik Pandya ,2024,RCB,Australia,Bowler,11,1,429,87,50.69,,53,55,25,3.57,26.17,10,14.19,Released,5/26/2024
P162,Ruturaj Gaikwad,2023,Kolkata Knight Riders,New Zealand,Wicket Keeper,9,6,607,5,51,,54,55,6,10.81,44.25,19,23.11,Injured,9/4/2023
P101,HARDIK PANDYA,2025,Kolkata Knight Riders,Australia,Bowler,8,9,627,40,38.71,205.79,11,2,18,8.87,45.06,13,,Released,12/2/2023
P127,MS Dhoni,2023,Chennai Super Kings,South Africa,Batter,9,13,803,46,62.3,350,98,53,11,9.13,33.47,9,,Playing,5/22/2025
P057,SURYAKUMAR YADAV,2025,Mumbai Indians,,Batter,13,10,643,25,45.06,-10,77,6,24,6,32.67,11,13.24,Playing,7/20/2025
P141,Jasprit Bumrah,2023,MI,England,Wicket Keeper,5,8,,140,21.31,188.78,67,31,5,7.36,29.85,6,,Playing,1/26/2024
P141,Shubman Gill,2023,Kolkata Knight Riders,New Zealand,Batter,1,1,726,3,77.29,350,2,14,22,3.99,37.14,16,18.29,Released,21/10/2023
P174,Rohit Sharma,2024,Royal Challengers Bengaluru,New Zealand,Batter,6,13,114,115,36.89,186.74,24,36,12,3.02,28.71,11,,Released,19/05/2023
P111, MS Dhoni ,2025,KKR,,All-rounder,11,9,154,59,57.72,190.21,5,15,17,10.33,17.54,11,,Released,1/4/2023
P161,MS Dhoni,2023,CSK,New Zealand,Wicket Keeper,11,6,,99,68.4,350,78,45,25,9.23,31.22,11,,Released,10/10/2024
P067,VIRAT KOHLI,2023,KKR,New Zealand,Bowler,5,14,833,65,61.75,350,80,19,10,5.07,21.55,10,,Retained,25/08/2024
P146,KL RAHUL,2025,Chennai Super Kings,South Africa,All-rounder,3,14,248,116,47.53,128.05,80,26,30,10.28,45.2,18,,Released,4/27/2024
P084,MS Dhoni,2025,MI,India,All-rounder,14,6,501,12,41.07,,6,20,12,8.35,39.3,11,,Injured,28/04/2024
P093,Ruturaj Gaikwad,2023,RCB,South Africa,Wicket Keeper,11,14,680,71,48.99,350,36,33,10,11.16,30.09,18,,Injured,11/10/2023
P010,Suryakumar Yadav,2023,KKR,India,All-rounder,5,14,649,122,16.03,,7,31,19,9.5,40.8,11,13.34,Retained,14/06/2024
P104,Suryakumar Yadav,2024,Chennai Super Kings,India,Batter,13,4,603,24,72.18,,12,52,27,8.32,39.87,13,,Retained,5/22/2025
P109, Rohit Sharma ,2023,SRH,South Africa,Wicket Keeper,13,10,864,83,17.51,,24,6,26,9.3,42.33,19,,Retained,4/8/2024
P134,Jasprit Bumrah,2024,Royal Challengers Bengaluru,England,Batter,6,3,564,72,20.76,350,36,44,25,7.49,30.86,12,19.11,Injured,4/28/2024
P162,RAVINDRA JADEJA,2023,RCB,England,All-rounder,10,8,644,11,14.24,350,27,6,19,6.4,48.24,16,8.29,Playing,8/6/2023
P061,KL Rahul,2025,Sunrisers Hyderabad,India,Bowler,10,10,345,67,20.69,350,56,56,8,8.69,21.28,20,,Playing,6/1/2025
P056,Ruturaj Gaikwad,2025,Royal Challengers Bengaluru,South Africa,Bowler,8,9,835,126,45.23,,7,52,0,7.35,29.53,2,,Released,1/4/2025
P021,Rohit Sharma,2024,Chennai Super Kings,New Zealand,Wicket Keeper,1,4,576,9,39.07,-10,99,13,24,6.19,16.38,15,,Playing,3/24/2025
P026,Rohit Sharma,2024,Kolkata Knight Riders,,Batter,8,11,,64,23.74,,2,44,15,5.73,34.09,16,0.33,Retained,7/3/2024
P073,Ruturaj Gaikwad,2024,KKR,New Zealand,Bowler,9,1,799,93,9.6,192.33,65,7,3,11.66,23.82,8,15.47,Injured,1/11/2024
P167,Ravindra Jadeja,2025,Kolkata Knight Riders,New Zealand,All-rounder,5,5,,0,50.02,350,91,38,6,7.31,12.18,10,,Retained,8/19/2023
P087,Rohit Sharma,2024,CSK,,Bowler,2,0,,5,63.07,,89,26,0,11.58,32.8,1,,Released,7/28/2025
P125, Ravindra Jadeja ,2023,Sunrisers Hyderabad,India,All-rounder,13,6,,73,23.83,172.27,10,11,10,11.09,30.25,1,,Retained,9/26/2024
P009,RUTURAJ GAIKWAD,2023,Kolkata Knight Riders,,Bowler,11,7,126,94,32.02,131.01,36,51,2,3.08,32.87,19,,Playing,10/23/2024
P060,RUTURAJ GAIKWAD,2025,Royal Challengers Bengaluru,India,Wicket Keeper,8,2,,91,46.15,-10,62,56,26,8.78,21.07,18,6.6,Playing,27/08/2024
P086, KL Rahul ,2024,KKR,New Zealand,Batter,1,8,664,137,60.13,-10,85,52,13,5.73,30.77,13,4.13,Released,7/1/2025
P011,MS Dhoni,2023,RCB,Australia,Bowler,5,10,,7,61.5,,55,42,2,3.27,30.96,3,17.85,Injured,2/3/2025
P014,RUTURAJ GAIKWAD,2024,Mumbai Indians,New Zealand,Wicket Keeper,2,10,222,5,66.07,-10,79,4,26,4.96,45.51,5,3.06,Retained,6/1/2024
P139,RUTURAJ GAIKWAD,2025,SRH,South Africa,All-rounder,10,10,,147,23.31,190.86,36,27,7,6.06,17.94,18,3.17,Retained,7/8/2024
P220,MS Dhoni,2023,CSK,New Zealand,All-rounder,5,2,614,135,54.47,145.66,81,24,21,8.31,37.02,5,,Released,15/12/2024
P079,Shubman Gill,2025,Kolkata Knight Riders,South Africa,Wicket Keeper,8,12,181,6,30.76,-10,55,19,27,5.73,13.47,13,,Injured,1/22/2025
P090, Hardik Pandya ,2023,RCB,,Wicket Keeper,4,14,,62,50.35,,94,22,22,5.17,32.57,11,,Injured,26/07/2023
P065,KL RAHUL,2024,Mumbai Indians,,Wicket Keeper,4,11,130,121,71.67,,53,1,25,6.85,30.72,13,,Playing,3/10/2024
P216, Rohit Sharma ,2023,RCB,South Africa,Bowler,7,14,628,140,11.48,-10,64,0,7,8.01,21.07,17,,Released,1/8/2024
P154,Ruturaj Gaikwad,2025,KKR,South Africa,Wicket Keeper,12,11,,150,55.29,350,80,38,27,4.42,20.5,9,13.28,Retained,6/14/2024
P063,Ruturaj Gaikwad,2023,SRH,New Zealand,All-rounder,0,1,671,118,30.25,,56,17,26,11.48,42.92,4,,Playing,1/8/2025
P020,MS Dhoni,2023,CSK,England,All-rounder,13,2,,56,73.86,-10,57,18,7,3.5,35.8,20,24.96,Playing,6/28/2024
P087, Suryakumar Yadav ,2025,MI,India,Bowler,0,6,,5,43.89,,21,29,27,7.78,22.35,0,,Released,24/03/2025
P028,Hardik Pandya,2025,KKR,India,Batter,0,11,,63,62.36,,1,4,26,8.32,14.11,8,1.06,Playing,8/2/2024
P055, Rohit Sharma ,2025,RCB,Australia,Wicket Keeper,1,14,199,129,38.86,350,31,38,2,10.53,30.19,13,,Released,18/09/2023
P027,Hardik Pandya,2025,Royal Challengers Bengaluru,Australia,All-rounder,14,9,289,19,68.67,350,81,59,6,11.37,28.86,10,16.49,Retained,2/1/2024
P169,Rohit Sharma,2024,MI,New Zealand,Bowler,0,4,,144,17.71,,89,14,30,10.96,31.96,15,,Injured,2/19/2024
P020,Suryakumar Yadav,2024,CSK,Australia,Batter,13,8,,18,14,186.44,13,45,17,9.56,16.47,6,15.62,Released,24/09/2023
P125,Jasprit Bumrah,2025,KKR,Australia,All-rounder,1,8,,81,25,199.82,72,45,12,3.91,27.8,6,,Released,6/10/2024
P203,VIRAT KOHLI,2023,Sunrisers Hyderabad,England,Bowler,12,4,683,99,8.44,350,65,43,19,3.19,14.87,13,2.9,Playing,3/5/2023
P136,SURYAKUMAR YADAV,2023,RCB,New Zealand,Batter,8,11,315,105,6.19,350,72,31,19,11.83,44.26,20,22.64,Released,22/06/2025
P208,Jasprit Bumrah,2023,CSK,Australia,Bowler,14,0,6,33,51.33,350,62,28,13,10.74,12.54,6,21.37,Playing,10/6/2023
P094, Virat Kohli ,2025,Kolkata Knight Riders,India,All-rounder,3,11,594,75,52.93,350,68,48,9,4.24,10.86,11,,Playing,11/27/2023
P121,ROHIT SHARMA,2025,Mumbai Indians,New Zealand,Bowler,12,12,17,142,41.91,,31,23,29,3.21,17.62,10,,Injured,15/07/2024
P185,KL Rahul,2023,Kolkata Knight Riders,New Zealand,Wicket Keeper,1,4,,43,79.98,139.01,92,54,30,9.94,13.62,4,,Retained,30/06/2025
P193,VIRAT KOHLI,2023,CSK,India,Bowler,6,4,874,86,17.07,,27,2,7,5.92,14.11,4,,Injured,20/05/2023
P147, Rohit Sharma ,2023,Royal Challengers Bengaluru,India,All-rounder,6,14,,9,54.98,,70,18,28,7.57,29.52,15,,Released,12/12/2024
P211,RUTURAJ GAIKWAD,2025,Sunrisers Hyderabad,Australia,Batter,13,6,,31,28.21,117.27,35,43,16,3.53,31.47,5,,Retained,9/14/2024
P048,Suryakumar Yadav,2025,MI,South Africa,Batter,1,11,286,60,10.77,-10,53,19,0,5.21,29.21,13,7.68,Playing,8/26/2024
P106,Jasprit Bumrah,2023,Kolkata Knight Riders,New Zealand,All-rounder,9,2,841,142,62.83,,18,43,10,3.25,48.42,17,,Injured,2/26/2024
P218,Shubman Gill,2023,CSK,New Zealand,All-rounder,13,3,204,77,30.18,350,25,43,26,7.67,24.59,6,0.36,Injured,4/25/2023
P175,Rohit Sharma,2025,KKR,New Zealand,Wicket Keeper,11,3,22,104,66.6,,33,10,28,3.15,37.36,3,,Playing,16/07/2024
P134, ROHIT SHARMA ,2023,Kolkata Knight Riders,India,Wicket Keeper,3,7,,33,20.89,-10,45,10,24,5.93,34.19,3,22.98,Retained,10/29/2023
P003,JASPRIT BUMRAH,2024,MI,New Zealand,Bowler,8,5,562,111,6.93,,65,57,22,6.84,47.44,11,,Playing,5/31/2025
P037,JASPRIT BUMRAH,2025,RCB,,All-rounder,13,1,861,94,64.19,350,65,12,20,9.64,24.49,0,,Released,30/06/2025
P145,SURYAKUMAR YADAV,2025,Chennai Super Kings,South Africa,Batter,6,7,,137,39.34,-10,64,59,28,7.49,24.4,2,3.07,Playing,16/03/2025
P190,KL Rahul,2023,CSK,India,Bowler,4,5,669,70,28.63,-10,52,18,30,10.2,15.15,0,23.1,Released,13/08/2023
P146,KL Rahul,2023,Royal Challengers Bengaluru,India,Wicket Keeper,4,14,118,129,52.37,194.77,34,55,24,9.6,22.34,8,,Playing,7/4/2023
P071,ROHIT SHARMA,2023,Sunrisers Hyderabad,South Africa,Batter,0,7,645,125,15.84,,24,50,15,10.98,39.36,17,,Injured,1/1/2024
P132,Shubman Gill,2025,Chennai Super Kings,South Africa,Wicket Keeper,3,2,73,110,25.69,-10,63,37,15,3.72,21.94,12,3.63,Injured,8/27/2024
P028,RUTURAJ GAIKWAD,2025,SRH,Australia,Batter,6,6,,148,22.4,214.38,2,24,25,4.04,30.71,18,23.61,Playing,4/10/2024
P095,ROHIT SHARMA,2025,KKR,England,Batter,14,2,553,99,18.65,117.43,44,49,11,5.84,47.81,6,,Injured,12/26/2024
P190,RAVINDRA JADEJA,2023,KKR,,Batter,8,12,853,67,52.82,350,39,57,13,6.93,45.78,7,12.87,Injured,12/18/2023
P178, MS DHONI ,2023,RCB,India,Bowler,0,3,519,2,30.37,204.07,17,11,20,5.22,20.12,15,,Playing,7/16/2023
P160,Ravindra Jadeja,2025,Chennai Super Kings,New Zealand,All-rounder,8,5,,146,30.42,91.53,67,31,26,8.92,48.35,7,23.37,Playing,4/23/2024
P059, Hardik Pandya ,2024,Sunrisers Hyderabad,,Batter,9,9,609,87,29.05,350,83,10,28,4.41,21.98,12,1.98,Playing,28/08/2024
P076,Shubman Gill,2023,RCB,,All-rounder,12,4,149,26,10.77,350,2,17,18,6.81,49.52,13,,Injured,9/21/2023
P067, Shubman Gill ,2025,Mumbai Indians,,Wicket Keeper,12,13,717,40,8.1,-10,92,60,25,8.9,45.85,6,,Injured,1/28/2025
P190,SURYAKUMAR YADAV,2023,Chennai Super Kings,India,Wicket Keeper,7,3,14,146,34.56,350,27,30,16,9.34,34.27,14,,Injured,10/29/2023
P039,MS Dhoni,2024,RCB,England,Wicket Keeper,0,5,726,15,58.11,-10,91,51,8,10.61,46.09,7,,Injured,7/27/2025
P199,RAVINDRA JADEJA,2025,KKR,India,Bowler,7,14,666,62,21.72,,14,3,29,7.8,10.08,17,6.5,Released,1/27/2024
P064,MS Dhoni,2025,Royal Challengers Bengaluru,India,Bowler,11,2,125,62,18.51,111.38,76,48,28,5.15,20.48,2,,Playing,19/01/2025
P196,Jasprit Bumrah,2023,MI,India,Wicket Keeper,10,8,854,85,42.63,350,42,25,3,8.44,28.34,5,0.53,Playing,5/8/2025
P178,Shubman Gill,2025,SRH,South Africa,Bowler,7,9,578,12,24.68,,80,53,29,3.27,37.04,6,,Playing,7/21/2024
P177, Ravindra Jadeja ,2025,MI,,All-rounder,3,11,394,25,23.17,350,70,33,28,4.96,24.97,5,,Playing,12/11/2023
P169,JASPRIT BUMRAH,2025,SRH,India,All-rounder,4,2,530,46,13.78,,46,51,30,9.28,29.47,13,15.48,Injured,8/11/2024
P183,Hardik Pandya,2024,CSK,,All-rounder,7,1,,75,51.44,186.32,77,15,15,4.47,49,16,,Playing,16/11/2024
P003, Suryakumar Yadav ,2023,Kolkata Knight Riders,India,Batter,14,1,762,4,49.14,219.53,13,1,17,3.41,33.2,13,6.78,Released,8/13/2024
P037, MS Dhoni ,2025,KKR,India,All-rounder,12,14,456,54,5.44,103.3,21,48,15,9.19,17.41,8,,Injured,30/10/2023
P187,KL Rahul,2024,RCB,New Zealand,All-rounder,4,4,703,114,42.76,,81,58,6,4.17,21.94,10,,Released,26/04/2024
P098,Jasprit Bumrah,2025,KKR,England,All-rounder,8,7,,104,74.78,81.25,58,28,4,7.63,42.74,12,9.73,Injured,12/27/2023
P001, Virat Kohli ,2023,Chennai Super Kings,India,Batter,3,14,,44,44.14,350,67,20,19,6.79,39.38,15,,Playing,25/12/2023
P192,Rohit Sharma,2024,Sunrisers Hyderabad,,Batter,0,2,698,72,36.58,350,55,3,17,11.74,37.78,9,,Released,6/13/2025
P079,Ravindra Jadeja,2025,RCB,New Zealand,All-rounder,7,13,10,74,65.55,187.93,62,60,16,8.84,15.18,12,0.76,Released,6/15/2025
P017,Ruturaj Gaikwad,2024,CSK,India,Bowler,2,12,,0,62.62,350,90,34,10,7.67,14.85,7,4.04,Released,7/1/2024
P062,VIRAT KOHLI,2023,KKR,India,All-rounder,8,12,,0,55.42,,81,57,4,5.36,24.93,9,11.48,Injured,8/9/2023
P095,SHUBMAN GILL,2023,RCB,India,All-rounder,4,3,728,52,6.06,-10,39,16,21,5.21,41.58,5,9.53,Released,5/20/2025
P095,SURYAKUMAR YADAV,2025,Mumbai Indians,South Africa,Wicket Keeper,9,4,778,6,51.34,-10,74,2,24,3.45,21.2,12,15.04,Retained,6/7/2024
P030,Suryakumar Yadav,2025,Kolkata Knight Riders,,Bowler,12,11,,66,15.75,350,93,54,30,3.92,15.7,1,1.78,Playing,8/17/2025
P176, Jasprit Bumrah ,2025,Mumbai Indians,England,All-rounder,3,7,221,38,23.24,350,84,35,1,8.46,38.08,17,,Retained,6/23/2025
P046,Hardik Pandya,2024,Sunrisers Hyderabad,New Zealand,Wicket Keeper,7,0,,99,39.53,-10,53,39,24,3.24,27.66,9,,Playing,25/07/2024
P009,Ravindra Jadeja,2025,Royal Challengers Bengaluru,South Africa,All-rounder,13,6,,89,20.22,350,38,28,21,5.27,43.9,1,10.64,Retained,18/11/2024
P116,KL Rahul,2024,Kolkata Knight Riders,England,Wicket Keeper,6,11,192,116,26.72,350,39,44,18,3.94,33.32,0,23.21,Injured,4/26/2025
P191,Hardik Pandya,2025,SRH,South Africa,Bowler,4,14,,112,27.56,-10,25,25,11,11.34,10.98,4,,Released,1/10/2024
P141,Shubman Gill,2023,SRH,England,Batter,0,9,766,145,55.44,350,84,9,0,7.7,17.47,18,,Released,4/20/2025
P152,Shubman Gill,2023,Chennai Super Kings,England,All-rounder,9,1,301,110,39.09,350,52,55,11,8.91,40.47,3,,Injured,5/28/2023
P133,MS DHONI,2025,Kolkata Knight Riders,,Wicket Keeper,6,6,544,100,25.56,-10,53,32,8,9.55,47.27,8,,Retained,8/10/2025
P079, Shubman Gill ,2023,Mumbai Indians,India,Wicket Keeper,13,13,411,1,12.96,176.55,12,2,8,5.06,13.83,10,15.29,Retained,8/26/2025
P108, Hardik Pandya ,2024,MI,New Zealand,Batter,12,7,299,69,61.95,350,100,18,15,4.93,41.24,11,,Playing,8/24/2024
P220,ROHIT SHARMA,2024,Royal Challengers Bengaluru,South Africa,Wicket Keeper,6,0,685,86,58.94,100.79,15,29,28,7.54,48.26,15,6.92,Playing,5/27/2025
P035,Shubman Gill,2025,Kolkata Knight Riders,England,Wicket Keeper,12,12,832,75,59.6,-10,74,18,7,6.92,25.08,16,,Released,5/27/2024
P093,Jasprit Bumrah,2025,Mumbai Indians,India,Wicket Keeper,12,9,195,9,66.94,102.71,16,4,7,9.51,27.17,1,,Retained,23/10/2024
P084,Jasprit Bumrah,2023,Royal Challengers Bengaluru,South Africa,Bowler,7,0,709,125,77.85,350,31,31,1,4.43,12.55,3,,Playing,8/16/2024
P167,Ravindra Jadeja,2024,Mumbai Indians,England,Bowler,7,12,,83,10.46,-10,22,7,13,8.46,15.43,14,,Injured,1/7/2025
P213,Suryakumar Yadav,2025,RCB,New Zealand,Batter,6,3,441,53,6.21,158.64,34,48,23,4.9,45.13,8,,Playing,6/5/2024
P201,Ruturaj Gaikwad,2023,Mumbai Indians,,Wicket Keeper,10,3,374,101,77.26,170.42,49,55,17,4.1,15.43,5,3.61,Injured,30/01/2024
P015,Virat Kohli,2025,RCB,India,All-rounder,4,10,596,29,48.45,,70,22,4,5.91,11.62,2,,Injured,1/19/2025
P113,Hardik Pandya,2024,Mumbai Indians,South Africa,Bowler,9,14,43,147,15.34,350,78,23,9,11.44,22.98,15,14.46,Retained,9/1/2025
P121,Suryakumar Yadav,2025,RCB,South Africa,Batter,5,4,581,147,44.72,-10,47,34,28,4.64,19.77,13,21.23,Retained,5/9/2025
P107,Hardik Pandya,2023,SRH,England,Bowler,3,0,588,150,49.79,-10,6,34,24,6.73,43.33,9,,Playing,5/27/2023
P100,Jasprit Bumrah,2023,Mumbai Indians,,Wicket Keeper,13,6,,52,15.53,166.57,31,58,4,8.55,34.06,18,,Released,24/04/2023
P148, MS DHONI ,2024,SRH,England,Batter,13,0,418,37,53.39,,87,23,25,3.07,14.69,19,,Retained,25/05/2025
P210,Ravindra Jadeja,2023,SRH,Australia,All-rounder,9,13,11,127,42.33,350,62,3,20,7.92,42.21,14,,Retained,7/17/2023
P203,Ravindra Jadeja,2025,Chennai Super Kings,England,All-rounder,1,10,466,140,33.72,142.21,25,49,29,7.95,49.45,1,8.61,Playing,5/4/2024
P129, Hardik Pandya ,2024,Mumbai Indians,England,Bowler,11,8,900,73,17.77,,35,25,18,3.38,26.98,8,,Injured,4/24/2023
P158,MS DHONI,2025,MI,South Africa,Wicket Keeper,2,0,,46,62,,46,15,11,3.19,24.81,14,,Playing,13/12/2024
P118,KL Rahul,2025,MI,England,Bowler,10,14,857,22,32.06,,13,46,3,5.48,24.56,17,23.08,Playing,1/16/2025
P127,Hardik Pandya,2023,MI,India,All-rounder,12,10,,136,66.04,,95,60,4,9.89,34.13,17,,Retained,12/11/2023
P073,KL Rahul,2025,SRH,India,Bowler,7,7,697,13,61.95,176.35,92,6,9,8.87,18.38,8,,Released,9/5/2025
P206,Rohit Sharma,2024,Sunrisers Hyderabad,,Wicket Keeper,14,10,247,141,68.13,-10,53,55,0,6.03,12.79,0,22.74,Released,30/10/2024
P089,Rohit Sharma,2025,Kolkata Knight Riders,South Africa,Bowler,14,5,561,26,68.76,350,8,17,22,8.17,21.4,9,,Injured,30/04/2023
P104,KL Rahul,2025,SRH,New Zealand,All-rounder,1,11,331,16,42.54,-10,68,36,26,4.21,22.07,8,14.9,Retained,29/07/2023
P036,Hardik Pandya,2024,MI,New Zealand,All-rounder,7,7,,27,63.91,350,14,21,21,9.79,48.52,0,,Retained,2/22/2025
P210,JASPRIT BUMRAH,2024,Kolkata Knight Riders,South Africa,Wicket Keeper,8,2,440,8,63.83,-10,57,17,28,11.87,35.31,16,,Injured,2/11/2024
P008,MS DHONI,2025,Royal Challengers Bengaluru,England,Wicket Keeper,8,2,544,32,51.23,,11,49,2,9.7,19.11,16,11.92,Playing,28/01/2024
P148,Shubman Gill,2025,RCB,England,Batter,4,11,317,145,36.27,-10,24,38,18,7.97,27.08,15,6.01,Injured,27/04/2024
P159,MS Dhoni,2024,Kolkata Knight Riders,India,Bowler,0,7,530,142,15.14,129.87,82,31,7,7.71,43.79,4,15.02,Playing,25/12/2023
P132,Shubman Gill,2024,Chennai Super Kings,England,Wicket Keeper,2,2,393,27,33.78,-10,2,7,30,11.7,16.93,18,,Injured,10/7/2024
P131,Shubman Gill,2024,Chennai Super Kings,Australia,All-rounder,8,12,12,16,72.02,80.21,80,14,28,7.26,45.67,9,,Injured,4/2/2024
P002,KL RAHUL,2024,CSK,Australia,Wicket Keeper,12,5,200,123,17,-10,13,22,7,7.8,33.82,2,5.53,Playing,5/3/2024
P182,KL RAHUL,2025,CSK,South Africa,Bowler,3,12,10,83,8.49,350,55,31,17,11.82,31.92,17,3.3,Injured,13/10/2024
P131,VIRAT KOHLI,2024,Royal Challengers Bengaluru,India,Batter,6,3,,25,24.38,-10,74,34,13,9.3,23.81,6,,Retained,1/26/2025
P083,Shubman Gill,2025,Royal Challengers Bengaluru,,All-rounder,8,11,2,23,69.03,-10,13,14,26,10.99,31.1,9,,Injured,6/7/2024
P188,Suryakumar Yadav,2023,Chennai Super Kings,Australia,Wicket Keeper,1,7,,37,64.23,102.87,76,52,5,5.07,22.05,17,21.77,Playing,10/7/2023
P220,HARDIK PANDYA,2025,Kolkata Knight Riders,India,All-rounder,6,0,894,139,35.21,350,91,10,24,9.71,26.82,10,,Retained,8/7/2023
P150,RAVINDRA JADEJA,2024,Kolkata Knight Riders,Australia,All-rounder,13,9,,26,66.26,,40,1,13,7,15.51,9,8.52,Playing,12/26/2023
P159, Shubman Gill ,2024,KKR,,Bowler,5,3,,67,21.9,,92,21,21,6.79,34.84,8,,Retained,3/6/2025
P122,Ravindra Jadeja,2025,Mumbai Indians,India,All-rounder,11,11,,15,44.73,134.12,30,29,13,9.01,43.48,9,23.16,Playing,2/18/2024
P202, Rohit Sharma ,2025,RCB,England,Batter,2,7,35,124,59.79,350,3,53,22,8.57,24.33,8,,Released,2/23/2025
P174, SURYAKUMAR YADAV ,2023,Mumbai Indians,India,Batter,5,6,486,135,47.02,132.74,61,28,19,4.03,35.9,0,,Retained,12/27/2023
P080,KL Rahul,2024,RCB,Australia,Wicket Keeper,2,13,,71,40.83,,47,56,5,4.69,21.95,16,,Retained,31/08/2023
P145,Shubman Gill,2024,SRH,Australia,Batter,4,0,,91,63.04,189.09,88,41,24,9.6,10.3,3,1.28,Playing,7/8/2024
P103,Rohit Sharma,2023,RCB,England,Batter,4,6,,78,16.42,214.07,34,53,29,3.54,38.19,13,17.28,Released,28/09/2024
P036, Suryakumar Yadav ,2023,Royal Challengers Bengaluru,South Africa,Batter,1,8,588,129,74.02,350,12,10,30,6.05,29.19,8,11.02,Playing,5/15/2023
P209,KL Rahul,2023,RCB,India,All-rounder,12,1,809,64,27.24,,20,7,25,10.22,47.7,0,,Injured,26/08/2023
P113,Ravindra Jadeja,2025,Kolkata Knight Riders,England,Batter,10,4,545,29,27.9,350,38,19,0,4.93,21.86,17,,Playing,5/4/2023
P033, Shubman Gill ,2025,Sunrisers Hyderabad,England,Wicket Keeper,6,3,758,59,20.04,,44,12,15,7.19,34.98,9,3.9,Playing,5/23/2025
P077, Jasprit Bumrah ,2025,KKR,India,Batter,6,13,610,85,32.18,202.24,49,3,16,5.38,12.78,9,8.14,Retained,6/6/2025
P009, Rohit Sharma ,2024,MI,Australia,Batter,11,14,318,75,68.96,-10,80,5,29,3.75,34.16,9,18.21,Retained,4/5/2025
P169,MS DHONI,2023,RCB,New Zealand,Batter,1,2,178,28,68.14,213.28,43,33,12,5.72,28.11,9,,Retained,6/7/2025
P182,MS Dhoni,2025,Royal Challengers Bengaluru,New Zealand,Bowler,3,9,85,106,44.3,141.28,61,45,12,3.13,42.1,2,,Released,4/15/2024
P007,RAVINDRA JADEJA,2024,MI,India,All-rounder,7,8,,0,8.58,-10,10,57,10,11.5,45.46,4,,Injured,4/8/2023
P201,Ravindra Jadeja,2023,Kolkata Knight Riders,England,Bowler,2,5,37,126,67.72,350,98,27,13,10.06,20.11,6,22.55,Injured,29/08/2024
P075,KL Rahul,2024,Kolkata Knight Riders,South Africa,Bowler,6,1,740,121,33.03,350,95,57,28,4.83,32.33,6,20.38,Playing,2/1/2024
P072,Hardik Pandya,2025,Sunrisers Hyderabad,England,Bowler,0,14,718,82,74.21,,46,3,8,5.09,45.58,6,5.49,Playing,20/11/2024
P194, Hardik Pandya ,2024,CSK,England,All-rounder,6,6,878,134,28.49,,75,9,5,5.82,46.82,14,,Injured,9/9/2024
P217,RAVINDRA JADEJA,2025,KKR,,Batter,8,9,12,146,47,350,83,54,11,4.29,25.9,14,,Playing,8/26/2024
P174,Virat Kohli,2024,RCB,India,Wicket Keeper,10,0,,77,76.63,350,5,3,14,11.1,13.04,0,,Injured,14/01/2025
P040,Hardik Pandya,2025,MI,Australia,Bowler,7,12,1,141,43.91,350,37,52,10,7.68,15.22,9,5.82,Playing,5/12/2025
P125, JASPRIT BUMRAH ,2024,Chennai Super Kings,Australia,Bowler,0,9,,110,67.47,-10,34,54,12,7.35,37.78,5,,Injured,31/01/2025
P118,RUTURAJ GAIKWAD,2024,MI,New Zealand,All-rounder,2,2,,124,18.71,350,52,3,30,6.73,18.27,10,,Injured,2/4/2024
P204,JASPRIT BUMRAH,2024,Royal Challengers Bengaluru,South Africa,Batter,10,1,678,33,79.51,131.66,90,20,0,9.51,17.25,16,19.06,Released,25/08/2024
P110,KL RAHUL,2023,Sunrisers Hyderabad,England,All-rounder,5,12,673,102,43.83,-10,21,14,12,6.55,23.89,14,,Retained,15/10/2024
P129,MS Dhoni,2024,Chennai Super Kings,Australia,Wicket Keeper,3,14,,11,58.2,-10,1,50,20,11.71,23.21,15,,Injured,7/5/2024
P186,KL RAHUL,2025,Kolkata Knight Riders,England,All-rounder,9,2,,141,28.8,350,23,48,3,7.01,37.64,12,4.36,Playing,4/16/2023
P084,Rohit Sharma,2024,Chennai Super Kings,,All-rounder,11,7,433,74,48.21,125.66,83,46,1,7.52,42.66,0,,Injured,26/01/2025
P161, Rohit Sharma ,2024,RCB,New Zealand,Wicket Keeper,8,0,74,12,45.54,-10,67,58,23,10.38,25.23,18,5.33,Released,20/04/2023
P024,KL Rahul,2025,MI,,Batter,11,1,676,9,37.99,350,93,34,22,3.41,18.63,16,17.07,Injured,3/7/2024
P035,Rohit Sharma,2023,Chennai Super Kings,New Zealand,All-rounder,8,8,25,72,43.32,110.1,48,26,16,8.89,16.64,8,24.51,Playing,5/19/2025
P130, Virat Kohli ,2025,CSK,India,Batter,13,2,72,15,32.03,180.28,64,25,10,6.23,13.27,19,3.12,Released,5/13/2024
P119, KL Rahul ,2024,KKR,,All-rounder,5,6,271,126,32.25,-10,80,43,15,6.7,29.18,19,,Retained,3/1/2025
P032,Ravindra Jadeja,2025,Kolkata Knight Riders,New Zealand,Wicket Keeper,9,0,217,13,63.23,-10,51,47,14,7.83,31.73,20,,Released,8/29/2023
P204,Shubman Gill,2024,SRH,Australia,Bowler,0,9,266,29,28.06,,66,34,10,7.22,25.92,13,,Retained,3/11/2024
P212, Virat Kohli ,2024,Sunrisers Hyderabad,India,Bowler,7,12,159,28,43.16,-10,19,20,2,10.73,43.15,11,,Released,1/1/2025
P173,Ruturaj Gaikwad,2023,Sunrisers Hyderabad,Australia,Wicket Keeper,13,10,651,32,71.75,350,60,54,1,5.92,38.59,5,0.58,Released,5/18/2023
P179,RAVINDRA JADEJA,2023,RCB,England,Bowler,14,3,334,95,72.73,350,66,11,0,10.76,38.77,16,,Injured,10/31/2024
P185,Suryakumar Yadav,2024,Kolkata Knight Riders,India,Batter,8,3,65,21,8.47,210.11,64,48,24,7.49,49.82,10,19.76,Injured,5/3/2025
P208,Jasprit Bumrah,2025,Mumbai Indians,India,Batter,3,13,,55,36.84,,20,45,18,5.64,31.61,6,11.16,Injured,1/17/2024
P139, Hardik Pandya ,2025,Mumbai Indians,New Zealand,Bowler,4,7,438,41,76.29,123.7,16,31,9,4.83,15.44,16,21.51,Injured,6/11/2024
P079,SHUBMAN GILL,2025,KKR,New Zealand,Batter,8,3,,80,55.55,350,96,32,13,9.31,43.48,5,,Released,4/5/2025
P217,Hardik Pandya,2025,CSK,England,All-rounder,11,0,835,38,58.71,,64,33,2,6.09,30.72,20,2.65,Playing,9/2/2023
P137,Hardik Pandya,2024,Sunrisers Hyderabad,,All-rounder,14,3,,4,46.48,350,63,39,23,6.59,35.46,1,,Playing,2/10/2025
P158,Jasprit Bumrah,2025,Royal Challengers Bengaluru,New Zealand,Bowler,4,13,512,34,58.89,350,91,44,26,6.42,11.02,7,19.41,Playing,4/6/2025
P129,Rohit Sharma,2024,CSK,Australia,Bowler,6,10,419,108,46.07,350,84,26,19,11.03,32.77,10,,Retained,9/2/2024
P144,MS Dhoni,2023,RCB,South Africa,All-rounder,8,0,,15,20.72,167.43,6,0,8,11.83,21.71,12,6.29,Injured,4/18/2025
P003,KL RAHUL,2025,Royal Challengers Bengaluru,South Africa,Batter,12,2,56,56,19.31,-10,6,6,28,6.26,41.6,11,10.93,Released,9/8/2023
P152,Virat Kohli,2025,Kolkata Knight Riders,Australia,Wicket Keeper,5,10,,47,63.31,179.31,86,43,23,8.38,16.25,6,,Playing,21/12/2023
P184,Hardik Pandya,2025,Mumbai Indians,South Africa,Batter,2,0,197,110,15.63,350,94,14,18,9.7,44.69,18,9.6,Released,12/2/2023
P185,ROHIT SHARMA,2024,Kolkata Knight Riders,,Bowler,6,7,,49,25.17,,100,42,27,9.64,13.01,4,22.82,Injured,8/3/2024
P214,VIRAT KOHLI,2025,MI,,All-rounder,6,2,604,33,79.26,350,92,43,27,4.31,21.94,13,5.38,Playing,2/11/2023
P144, Rohit Sharma ,2023,CSK,Australia,Bowler,4,11,255,72,20.64,-10,25,57,1,4.19,11.24,4,,Injured,4/26/2025
P161,Jasprit Bumrah,2023,Sunrisers Hyderabad,New Zealand,Wicket Keeper,2,11,,84,22.05,350,78,54,23,11.47,44.78,16,14.64,Retained,8/8/2024
P140,Shubman Gill,2023,RCB,England,All-rounder,4,10,580,135,30.93,350,19,20,4,10.84,21.96,1,23.82,Injured,4/3/2023
P043,SHUBMAN GILL,2023,KKR,,Bowler,14,2,,31,47.37,,78,19,23,5.49,22.05,5,15.96,Retained,12/4/2023
P035,Shubman Gill,2024,Chennai Super Kings,Australia,Batter,4,5,497,23,48.29,,88,52,3,4.55,46.6,17,,Injured,25/05/2023
P037,Rohit Sharma,2025,MI,England,Batter,14,13,,41,62.56,,79,8,9,6.31,41.03,18,0.32,Injured,6/9/2023
P195,Suryakumar Yadav,2023,RCB,India,All-rounder,11,3,,106,47.15,,20,17,14,10.9,10.73,15,,Playing,12/13/2024
P126, HARDIK PANDYA ,2023,Kolkata Knight Riders,New Zealand,Batter,7,9,,3,50.11,350,57,51,20,11.99,35.15,11,1.83,Playing,7/14/2024
P122,Shubman Gill,2024,Sunrisers Hyderabad,India,All-rounder,5,12,,47,57.52,152.31,98,17,18,5.81,14.19,3,,Released,7/11/2024
P165,Hardik Pandya,2023,Mumbai Indians,England,All-rounder,0,11,12,93,52.74,-10,77,4,13,10.87,39.25,4,15.73,Retained,9/4/2023
P054,Rohit Sharma,2023,CSK,England,Bowler,1,11,,25,69.24,350,80,40,16,8.96,29.38,12,,Playing,12/11/2024
P088,Jasprit Bumrah,2025,SRH,South Africa,Batter,5,5,438,16,20.75,,51,49,28,6.16,27.76,13,13.05,Released,10/15/2024
P192,JASPRIT BUMRAH,2025,Kolkata Knight Riders,England,Wicket Keeper,12,9,900,20,11.72,,32,37,23,8.15,10.33,7,,Injured,14/12/2024
P093,Suryakumar Yadav,2024,Mumbai Indians,Australia,Batter,2,13,107,11,23.24,,55,49,12,10.33,20.61,2,,Playing,3/10/2024
P039, Suryakumar Yadav ,2025,Kolkata Knight Riders,,Wicket Keeper,8,11,604,95,70.9,-10,58,8,30,10.1,43.19,7,,Playing,3/22/2025
P197,MS Dhoni,2023,KKR,South Africa,Bowler,3,0,486,123,15.26,-10,76,17,13,10.2,34.6,1,21.04,Playing,4/4/2023
P066,MS Dhoni,2023,Mumbai Indians,India,Batter,8,14,401,64,41.32,350,5,7,2,10.36,16.37,18,,Playing,12/9/2024
P093,VIRAT KOHLI,2023,CSK,England,Bowler,12,13,892,66,27.53,350,73,8,10,4.29,27.29,12,,Injured,7/9/2025
P104,Ruturaj Gaikwad,2025,Royal Challengers Bengaluru,England,Batter,1,12,,142,10.56,,78,49,11,9.03,11.14,12,7.5,Playing,4/9/2024
P034, RUTURAJ GAIKWAD ,2024,Chennai Super Kings,Australia,Batter,10,9,430,97,33.38,350,48,51,5,8.76,14.44,2,19.84,Playing,16/03/2024
P163,SURYAKUMAR YADAV,2023,MI,England,All-rounder,7,12,338,103,28.73,-10,82,56,30,7.15,29.14,14,8.5,Playing,1/2/2025
P030,Suryakumar Yadav,2025,Sunrisers Hyderabad,South Africa,All-rounder,2,12,,13,72,-10,46,7,28,5.48,48.47,12,15.1,Released,7/20/2024
P102,Shubman Gill,2025,RCB,New Zealand,Bowler,13,1,,150,34.38,-10,28,41,2,9.36,17.12,3,,Injured,13/11/2023
P207,RUTURAJ GAIKWAD,2025,Kolkata Knight Riders,South Africa,Bowler,11,9,,13,38.7,350,38,42,10,6.97,18.75,4,,Injured,6/28/2025
P215,RAVINDRA JADEJA,2023,Royal Challengers Bengaluru,New Zealand,Batter,5,4,125,145,77.35,,27,11,1,4.31,17.76,17,24.68,Retained,31/05/2024
P150,Rohit Sharma,2023,Mumbai Indians,England,Wicket Keeper,1,5,790,84,20.72,,60,48,10,8.89,29.45,2,,Retained,20/08/2023
P055,VIRAT KOHLI,2023,Chennai Super Kings,India,Wicket Keeper,5,0,,144,64.4,85.33,66,2,6,7.7,36.53,10,17.56,Retained,8/19/2023
P071,KL Rahul,2023,KKR,Australia,Wicket Keeper,4,10,78,149,30.97,,86,57,30,9.34,40.56,10,,Playing,1/15/2025
P203,Shubman Gill,2025,Chennai Super Kings,,All-rounder,4,5,601,13,63.32,133.83,98,40,22,10.75,39.44,14,,Injured,16/05/2025
P020,Jasprit Bumrah,2023,SRH,,Batter,14,6,892,59,23.17,-10,41,44,13,7.3,44.53,16,,Injured,8/17/2024
P118,VIRAT KOHLI,2023,Royal Challengers Bengaluru,,All-rounder,10,14,317,134,5.6,-10,31,32,18,3.85,14.62,15,,Released,3/6/2024
P178, Rohit Sharma ,2024,Chennai Super Kings,South Africa,Batter,8,13,,72,13.05,,13,1,4,5.39,20.66,8,21.9,Released,6/2/2024
P101,VIRAT KOHLI,2024,CSK,,Bowler,4,10,24,109,32.01,216.38,7,16,15,7.31,11.92,16,9.02,Playing,5/12/2025
P102, Virat Kohli ,2023,Mumbai Indians,New Zealand,Wicket Keeper,14,0,,76,73.97,-10,35,15,0,4.42,25.08,8,,Released,5/24/2023
P135,Suryakumar Yadav,2024,KKR,India,All-rounder,13,6,,132,12.45,,86,34,17,10.45,31.87,14,,Injured,8/27/2023
P132,Hardik Pandya,2024,MI,South Africa,Wicket Keeper,0,7,294,78,14.77,350,19,14,13,9.92,14.52,15,,Retained,19/05/2024
P177,MS Dhoni,2025,MI,,All-rounder,2,5,441,57,64.32,192.8,76,52,25,3.66,35.55,9,23.61,Retained,4/27/2023
P143, KL Rahul ,2024,RCB,New Zealand,Wicket Keeper,11,9,647,60,65.05,169.81,91,60,23,5.31,24.56,13,,Injured,1/27/2024
P181,Ravindra Jadeja,2025,Sunrisers Hyderabad,India,Batter,4,14,347,81,77.7,,52,3,1,3.66,44.79,6,,Playing,5/19/2024
P202,Ruturaj Gaikwad,2023,Kolkata Knight Riders,New Zealand,Bowler,0,5,,42,68.84,350,84,27,7,3.75,30.38,19,,Injured,2/27/2024
P212, Hardik Pandya ,2023,RCB,England,Wicket Keeper,4,4,0,48,59.97,350,32,59,9,3.19,26.44,10,14.77,Injured,7/23/2023
P096,MS Dhoni,2023,Kolkata Knight Riders,New Zealand,All-rounder,7,9,765,58,13.69,-10,52,41,2,5.01,24.5,11,,Released,8/15/2024
P021,KL Rahul,2024,RCB,Australia,All-rounder,1,3,840,106,41.12,-10,76,60,6,10.47,24.7,7,,Released,10/25/2023
P138,Rohit Sharma,2024,RCB,South Africa,Bowler,3,12,,145,44.18,-10,62,15,1,8.86,26.27,1,,Injured,11/11/2023
P135,Ravindra Jadeja,2024,SRH,India,Bowler,1,5,98,111,58.31,182.68,97,8,12,6.84,34.35,14,,Retained,6/21/2025
P167,RAVINDRA JADEJA,2023,Sunrisers Hyderabad,England,Batter,6,10,49,35,23.9,,87,35,18,3.71,46.47,14,,Playing,12/4/2025
P158, Virat Kohli ,2023,RCB,Australia,Wicket Keeper,11,3,574,130,65.72,350,78,37,10,4.66,27.94,0,14.65,Retained,11/9/2024
P063,KL RAHUL,2024,Royal Challengers Bengaluru,India,Wicket Keeper,14,8,452,77,18.69,,26,31,0,7.67,43.23,13,,Injured,10/6/2024
P007,Hardik Pandya,2024,MI,,Batter,7,11,459,81,71.76,199.67,21,55,3,9.65,40.37,11,,Released,8/28/2024
P089,Rohit Sharma,2025,MI,Australia,Bowler,11,1,,17,51.54,,55,24,0,8.32,40.28,14,,Injured,10/28/2024
P078, Virat Kohli ,2024,Royal Challengers Bengaluru,Australia,Wicket Keeper,11,3,153,149,25.39,-10,48,51,24,6.74,39.96,5,,Released,12/1/2023
P187,Rohit Sharma,2023,RCB,Australia,Wicket Keeper,11,13,791,85,78.15,,85,54,25,8.17,40.03,8,,Injured,31/01/2025
P047,VIRAT KOHLI,2025,Chennai Super Kings,New Zealand,Bowler,1,2,185,40,66.33,350,24,40,2,3.43,19.37,6,20.04,Released,5/6/2025
P212,MS DHONI,2023,Kolkata Knight Riders,New Zealand,All-rounder,2,0,,63,67.04,350,70,50,6,9.26,37,1,12.78,Released,2/6/2025
P110,Rohit Sharma,2023,MI,New Zealand,Batter,10,0,120,15,38.81,106.81,92,57,27,9.76,35.61,3,16.46,Retained,5/8/2025
P185, Ruturaj Gaikwad ,2025,KKR,India,Batter,8,7,,73,53.35,-10,96,28,29,9.96,40.43,18,11.33,Retained,27/02/2025
P199,Ravindra Jadeja,2025,Chennai Super Kings,South Africa,Wicket Keeper,2,11,95,81,5.15,98.16,60,39,23,3.13,29.95,7,,Injured,7/25/2025
P042,Virat Kohli,2023,Kolkata Knight Riders,New Zealand,Wicket Keeper,9,14,,116,74.37,129.65,13,16,30,9.61,34.9,6,,Injured,24/01/2024
P137,Virat Kohli,2024,MI,New Zealand,Wicket Keeper,2,5,,145,58.26,-10,40,59,26,5.58,31.5,16,,Retained,11/27/2023
P080,Suryakumar Yadav,2025,Royal Challengers Bengaluru,,Batter,12,5,336,115,10.07,,61,7,17,7.41,41.56,5,14.9,Released,6/7/2025
P149,RAVINDRA JADEJA,2024,RCB,Australia,Batter,6,10,,137,44.94,104.49,11,18,29,11.28,41.71,8,,Released,6/11/2025
P082, ROHIT SHARMA ,2025,Chennai Super Kings,India,All-rounder,8,9,228,56,67.53,186.55,9,53,15,9.2,21.43,4,5.11,Retained,12/19/2024
P121,Ruturaj Gaikwad,2024,Mumbai Indians,,Bowler,11,11,14,91,49.39,350,10,23,8,3.99,48.26,13,,Injured,5/10/2023
P001, Suryakumar Yadav ,2025,Royal Challengers Bengaluru,Australia,Wicket Keeper,0,11,,93,62.86,350,92,7,7,6.17,48.08,0,,Retained,5/7/2025
P185,Rohit Sharma,2024,Mumbai Indians,New Zealand,All-rounder,12,9,560,92,7.76,161.15,87,58,24,10.67,45.45,9,,Playing,5/6/2025
P175,Hardik Pandya,2023,RCB,Australia,All-rounder,7,3,393,146,35.69,-10,93,53,23,6.66,34.53,6,,Injured,6/4/2023
P015,MS DHONI,2025,CSK,South Africa,Batter,7,2,563,88,38.04,-10,87,16,27,9.08,35.32,19,23.22,Released,11/15/2023
P104,RAVINDRA JADEJA,2023,RCB,,Batter,5,7,206,20,49.33,145.22,9,42,25,9.79,49.84,7,,Injured,7/4/2024
P163,Suryakumar Yadav,2025,Royal Challengers Bengaluru,,Bowler,11,13,657,98,64.57,-10,89,7,27,9.61,33.27,14,22.39,Retained,4/14/2024
P028,SHUBMAN GILL,2023,KKR,South Africa,Wicket Keeper,11,1,,24,25.86,104.19,40,27,21,9.81,42.95,13,23.72,Injured,2/5/2023
P178,Ravindra Jadeja,2025,Sunrisers Hyderabad,,Batter,9,1,,97,54.03,131.54,87,44,18,4.17,35.97,12,10.66,Playing,10/11/2024
P125,Ravindra Jadeja,2024,Chennai Super Kings,India,Bowler,9,0,636,56,69.45,-10,24,9,16,4.05,37.13,5,,Released,25/04/2024
P075,RAVINDRA JADEJA,2024,CSK,India,Batter,1,9,255,15,32.28,,19,27,0,11.53,47.42,12,0.86,Retained,9/26/2024
P150,Rohit Sharma,2024,Royal Challengers Bengaluru,Australia,Batter,6,0,36,11,37.41,350,75,20,27,8.58,34.07,14,2.96,Playing,2/17/2025
P181,Suryakumar Yadav,2024,RCB,South Africa,Wicket Keeper,0,7,,10,37.48,,80,25,13,7.83,48.75,16,,Retained,5/10/2023
P083,MS Dhoni,2025,MI,India,Batter,0,7,737,29,68.56,96.22,70,47,14,8.54,48.59,2,,Playing,21/04/2024
P018,SHUBMAN GILL,2024,Mumbai Indians,New Zealand,Bowler,13,10,162,88,24.18,-10,76,53,15,3.44,30.26,6,,Released,4/30/2024
P001,Ravindra Jadeja,2023,KKR,New Zealand,Bowler,8,1,519,97,56.34,,86,33,24,7.55,42.98,19,0.4,Playing,28/11/2023
P161,SHUBMAN GILL,2023,SRH,South Africa,Bowler,4,13,486,30,73.85,350,13,45,0,7.68,11.33,20,0.53,Playing,17/12/2024
P074,KL Rahul,2024,Mumbai Indians,New Zealand,All-rounder,0,11,173,43,6.33,,25,36,15,4.83,46.96,6,17.32,Playing,12/23/2023
P163, Rohit Sharma ,2023,Sunrisers Hyderabad,England,Batter,0,14,559,25,17.72,-10,54,47,23,3.34,21.13,9,11.45,Injured,23/05/2024
P102,Virat Kohli,2023,Royal Challengers Bengaluru,India,Wicket Keeper,13,9,295,23,64.07,94.71,17,9,3,5.23,37.35,0,,Injured,2/21/2024
P041,Ravindra Jadeja,2023,Chennai Super Kings,Australia,Wicket Keeper,0,3,,12,76.31,-10,13,13,28,10.51,33.55,4,,Released,3/31/2025
P015,Virat Kohli,2025,Mumbai Indians,South Africa,All-rounder,7,3,819,67,69.08,350,96,24,24,3.85,48.09,12,,Playing,10/1/2024
P105,Ravindra Jadeja,2024,Royal Challengers Bengaluru,Australia,Batter,0,14,727,137,42.89,219.98,80,55,23,8.91,15.86,20,18.67,Released,15/05/2025
P013,Ravindra Jadeja,2025,Sunrisers Hyderabad,England,All-rounder,1,1,692,102,41.53,,17,29,14,9.92,22.44,8,0.45,Released,3/8/2025
P160,KL Rahul,2025,KKR,England,Wicket Keeper,13,11,,80,46.58,,13,39,4,6.89,24.87,11,,Retained,2/8/2024
P205,Virat Kohli,2024,MI,New Zealand,Bowler,0,6,791,53,14.11,,70,28,20,3.15,26.89,10,14.41,Retained,6/9/2023
P082,Shubman Gill,2025,SRH,,Wicket Keeper,11,10,,103,68.5,350,77,43,23,6.03,35.33,2,4.45,Retained,5/22/2025
P190,Ruturaj Gaikwad,2024,CSK,South Africa,Batter,8,2,,50,38.03,-10,21,14,3,8.04,21.61,7,,Injured,5/11/2025
P162, RUTURAJ GAIKWAD ,2025,SRH,,Bowler,8,10,,123,25.41,350,18,27,24,9.8,32.71,4,,Retained,7/14/2023
P135,Rohit Sharma,2023,KKR,India,Batter,0,2,203,136,26.18,350,38,36,21,5.22,15.83,4,10.96,Playing,9/20/2024
P071,KL Rahul,2024,Kolkata Knight Riders,India,Bowler,1,13,,124,40.09,-10,39,40,27,7.86,45.78,2,7.2,Injured,9/6/2025
P047,Jasprit Bumrah,2025,KKR,South Africa,Batter,5,1,794,45,70.66,,41,59,17,11.19,34.01,10,7.23,Playing,9/9/2023
P151,RUTURAJ GAIKWAD,2025,SRH,South Africa,Bowler,9,13,772,105,22.7,-10,80,27,15,7.1,40.87,5,0.82,Playing,9/9/2023
P160,KL Rahul,2024,Mumbai Indians,Australia,Batter,2,1,,52,40.99,-10,73,14,11,11.27,28.4,16,,Retained,5/19/2023
P193, Ravindra Jadeja ,2025,RCB,Australia,Wicket Keeper,4,9,680,3,59.57,189.37,54,22,4,3,47.2,14,,Retained,10/6/2024
P017,KL Rahul,2023,Royal Challengers Bengaluru,,All-rounder,10,13,311,83,59.96,,11,50,3,8.88,48.34,12,,Retained,8/2/2025
P088,RAVINDRA JADEJA,2025,RCB,England,Batter,0,0,771,58,18.32,-10,97,1,4,10.79,20.99,0,,Injured,11/25/2024
P011, Suryakumar Yadav ,2025,Royal Challengers Bengaluru,Australia,Bowler,13,2,105,85,15.56,350,92,11,22,4.13,11.4,6,8.51,Injured,9/2/2024
P059,Suryakumar Yadav,2025,MI,Australia,Wicket Keeper,2,11,600,5,72.56,,43,1,29,8,28.13,6,14.12,Playing,2/7/2024
P031, Ravindra Jadeja ,2024,Chennai Super Kings,India,Bowler,6,9,,11,22.79,350,43,18,14,10.85,19.82,15,12.92,Retained,25/02/2024
P017,MS Dhoni,2024,Mumbai Indians,,All-rounder,0,7,197,122,44.08,350,27,56,27,5.82,27.17,14,9.86,Released,6/22/2025
P066,KL RAHUL,2023,Kolkata Knight Riders,England,Batter,6,1,,150,6.33,193.72,61,3,28,5.85,24.04,15,,Released,25/09/2023
P177,Suryakumar Yadav,2024,Kolkata Knight Riders,,All-rounder,14,1,,143,55.62,216.07,77,38,24,6.3,30.48,6,23.08,Playing,18/01/2025
P183,KL Rahul,2025,KKR,New Zealand,All-rounder,2,4,175,93,19.84,350,93,56,19,11.26,40.38,16,,Injured,11/4/2024
P007, Virat Kohli ,2024,RCB,Australia,Batter,11,0,690,123,15.09,,57,60,23,3.98,18.41,15,,Released,3/19/2025
P070,Ruturaj Gaikwad,2025,Kolkata Knight Riders,South Africa,All-rounder,5,7,,80,39.16,-10,97,4,27,6.05,49.5,2,,Injured,1/1/2025
P135,JASPRIT BUMRAH,2024,CSK,England,Batter,14,6,881,80,51.31,-10,2,46,5,4.49,13.63,3,5.45,Playing,8/28/2024
P005,Rohit Sharma,2024,Royal Challengers Bengaluru,,Bowler,1,7,541,130,22.27,209.7,68,37,17,9.34,39.51,2,15.63,Retained,23/09/2024
P171,KL RAHUL,2025,Chennai Super Kings,Australia,Wicket Keeper,1,6,,8,59.37,-10,78,1,20,7.07,14.64,3,,Playing,16/06/2024
P109, MS Dhoni ,2023,MI,India,All-rounder,6,13,,33,14.38,350,100,50,25,10.95,34.53,4,17.93,Retained,6/28/2024
P145, Ravindra Jadeja ,2023,KKR,India,Wicket Keeper,12,14,827,148,30.85,,90,40,18,5.43,44.64,1,14.07,Released,9/6/2024
P124,Ravindra Jadeja,2023,CSK,India,Batter,7,6,127,83,38.98,350,69,49,29,9.01,49.71,3,,Released,5/27/2024
P216,KL Rahul,2023,KKR,Australia,Batter,3,0,686,76,33.9,-10,1,15,15,7.08,38.76,2,4.66,Released,8/5/2023
P022,Rohit Sharma,2024,Chennai Super Kings,,Batter,7,12,,100,67.73,350,35,46,1,9.35,18.82,3,13.87,Playing,26/04/2024
P193, Ravindra Jadeja ,2024,KKR,Australia,Wicket Keeper,9,7,686,112,66.78,176.19,71,0,28,9.92,34.46,3,,Retained,11/8/2023
P102, RUTURAJ GAIKWAD ,2024,Chennai Super Kings,England,All-rounder,4,0,39,133,47.26,350,71,29,21,4.72,48.95,9,13.09,Playing,11/27/2024
P060,VIRAT KOHLI,2023,SRH,,Batter,14,11,769,100,75.02,107.62,3,20,17,11.05,36.56,12,24.36,Injured,10/5/2024
P194,Ruturaj Gaikwad,2023,MI,England,Batter,3,9,495,142,41.72,177.64,10,57,25,11.95,23.88,17,,Released,22/05/2025
P074,Ravindra Jadeja,2023,Mumbai Indians,Australia,Wicket Keeper,0,1,479,29,79.33,-10,45,54,22,7.23,30.22,15,,Injured,23/07/2025
P062, Jasprit Bumrah ,2024,SRH,South Africa,Wicket Keeper,6,8,185,34,54.63,350,51,27,29,11.24,12.34,16,,Injured,7/6/2025
P037,Shubman Gill,2025,RCB,Australia,All-rounder,10,7,115,66,20.14,-10,4,59,11,7.79,48.82,0,21.27,Playing,2/10/2025
P179,Suryakumar Yadav,2023,MI,South Africa,All-rounder,2,5,322,16,66.38,114.92,17,34,24,3.25,11.15,17,22.46,Injured,8/21/2024
P117,Hardik Pandya,2025,KKR,,Wicket Keeper,12,0,31,127,8.83,179.33,48,26,14,7.48,37.38,16,,Injured,29/06/2023
P171,MS Dhoni,2024,Kolkata Knight Riders,India,Batter,2,6,,119,9.79,,88,21,21,8.99,41.19,17,3.22,Playing,10/1/2024
P002,ROHIT SHARMA,2025,RCB,England,All-rounder,3,8,,68,37.54,-10,32,46,18,3.75,47.59,19,15.41,Retained,25/04/2024
P140,RUTURAJ GAIKWAD,2024,KKR,India,Wicket Keeper,13,10,,109,67.51,142.98,88,31,9,8.83,25.64,1,21.51,Playing,12/18/2024
P185,ROHIT SHARMA,2025,Kolkata Knight Riders,,Wicket Keeper,14,12,,98,13.81,-10,57,48,25,3.49,47,7,23.5,Injured,29/01/2024
P205,Shubman Gill,2024,Mumbai Indians,New Zealand,Wicket Keeper,11,5,,108,48.26,,15,59,27,4.41,40.23,15,,Retained,4/29/2024
P175,Jasprit Bumrah,2025,Sunrisers Hyderabad,India,Batter,12,6,63,34,38.54,-10,28,44,8,3.17,33.51,20,,Injured,4/10/2024
P205,MS DHONI,2025,Mumbai Indians,South Africa,All-rounder,8,10,,143,41.48,350,2,5,17,3.47,13.8,10,,Retained,8/17/2023
P084, KL RAHUL ,2023,SRH,India,All-rounder,5,0,,69,17.5,-10,92,14,19,3.75,48.16,1,,Playing,2/11/2025
P003,Shubman Gill,2025,CSK,,Bowler,10,0,454,150,68.5,350,71,38,16,3.62,47.58,5,19.93,Released,9/3/2024
P030,MS Dhoni,2025,CSK,New Zealand,Batter,14,3,87,77,8.8,,74,40,28,9.88,26.81,2,,Retained,3/30/2024
P149,VIRAT KOHLI,2025,Sunrisers Hyderabad,South Africa,Batter,13,3,755,120,66.88,350,94,12,18,8.86,33.48,1,,Injured,9/30/2023
P095,Ruturaj Gaikwad,2024,Sunrisers Hyderabad,New Zealand,Batter,10,3,,34,10.54,350,37,52,7,10.03,16.88,13,3.49,Retained,26/11/2024
P069,Hardik Pandya,2024,Chennai Super Kings,South Africa,All-rounder,13,14,,133,51.26,-10,100,36,16,7.18,38.98,8,24.97,Retained,8/27/2024
P125,Hardik Pandya,2023,Sunrisers Hyderabad,New Zealand,All-rounder,2,8,602,140,28.63,-10,58,10,1,7.05,46.91,14,,Injured,3/21/2025
P195,MS Dhoni,2025,RCB,New Zealand,All-rounder,12,6,495,127,14.08,126.79,76,11,20,8.07,20.86,20,,Playing,14/08/2024
P156,Shubman Gill,2024,KKR,England,Bowler,7,11,,59,26.04,,18,1,13,9.81,20.06,13,1.14,Playing,12/3/2024
P029,Ravindra Jadeja,2025,Chennai Super Kings,New Zealand,Bowler,14,9,,35,18.23,-10,11,46,26,4.83,38.78,9,,Released,7/4/2025
P122, KL Rahul ,2024,KKR,New Zealand,Bowler,5,12,263,134,57.48,350,93,38,4,3.48,44.77,19,,Retained,26/12/2024
P204,Ravindra Jadeja,2025,Royal Challengers Bengaluru,India,Bowler,12,3,12,9,28.92,-10,29,25,19,9.26,36.58,9,13.7,Released,9/12/2023
P114,KL RAHUL,2024,KKR,New Zealand,Batter,2,0,55,24,74.98,175.62,84,23,10,7.99,21.44,17,24.65,Retained,12/15/2024
P114,Shubman Gill,2024,SRH,England,Batter,12,7,64,86,20.95,350,61,15,6,7.64,40.01,10,,Injured,10/9/2023
P183,SURYAKUMAR YADAV,2023,Mumbai Indians,England,Batter,4,14,,45,24,,21,54,21,6.14,11.1,17,24.7,Retained,8/9/2023
P042,Jasprit Bumrah,2025,Mumbai Indians,New Zealand,All-rounder,12,4,788,56,49.53,99.6,95,49,4,11.79,19.01,3,19.8,Injured,22/08/2025
P087,Virat Kohli,2024,CSK,India,Wicket Keeper,10,9,220,50,56.2,-10,48,40,16,5.15,17.8,3,,Released,10/22/2023
P081, KL Rahul ,2023,Chennai Super Kings,Australia,Batter,11,5,764,135,66.6,179.5,64,30,17,9.17,33.89,10,,Released,8/4/2023
P023,VIRAT KOHLI,2024,RCB,New Zealand,Wicket Keeper,10,11,177,78,50.8,-10,90,47,18,5.19,43.04,8,3.23,Playing,4/28/2024
P099,Shubman Gill,2024,Sunrisers Hyderabad,Australia,Batter,14,11,6,128,77.53,106.22,33,11,25,3.52,41.35,16,,Released,1/2/2024
P075, RAVINDRA JADEJA ,2025,MI,South Africa,All-rounder,4,13,805,10,42.52,-10,46,25,6,7.52,33.59,4,,Injured,19/01/2025
P073,Suryakumar Yadav,2023,Chennai Super Kings,New Zealand,Bowler,12,0,37,103,32.36,,62,42,7,7.43,31.86,11,,Playing,9/1/2023
P064,Ruturaj Gaikwad,2023,Mumbai Indians,South Africa,Bowler,3,3,701,79,78.51,,50,37,20,5.1,12.43,1,,Retained,5/5/2025
P117,MS DHONI,2024,MI,India,Wicket Keeper,6,1,,129,5.3,,40,24,9,11.45,22,13,,Retained,6/9/2023
P046,KL Rahul,2024,CSK,South Africa,Batter,5,5,,18,22.74,-10,73,44,21,5.27,17.87,7,23.87,Released,4/17/2023
P054,Ruturaj Gaikwad,2023,Mumbai Indians,South Africa,Wicket Keeper,11,12,,56,56.32,-10,13,20,18,11.8,10.32,2,18.14,Released,6/12/2023
P183,MS Dhoni,2024,Chennai Super Kings,England,Wicket Keeper,13,14,,91,63.04,350,91,22,25,6.11,22,16,24.28,Released,9/5/2025
P128,SURYAKUMAR YADAV,2025,Sunrisers Hyderabad,India,All-rounder,3,7,750,56,55.25,87.76,53,17,15,11.81,46.28,8,2.88,Released,4/21/2025
P176,JASPRIT BUMRAH,2024,CSK,Australia,Wicket Keeper,5,9,,24,55.99,81.66,94,12,13,10.12,29.87,3,,Playing,7/22/2023
P101,Virat Kohli,2025,SRH,New Zealand,All-rounder,9,11,540,100,43.3,,10,49,0,4.41,49.96,8,,Playing,9/10/2024
P103, Rohit Sharma ,2024,Kolkata Knight Riders,New Zealand,Bowler,1,12,261,134,17.33,350,86,19,15,8.03,36.25,3,16.57,Retained,18/06/2025
P074,MS Dhoni,2023,SRH,Australia,Wicket Keeper,14,7,452,25,75.09,,31,36,18,8.83,27.58,2,,Injured,7/3/2023
P175,Virat Kohli,2023,Royal Challengers Bengaluru,,Wicket Keeper,13,14,,123,42.41,,52,27,12,10.47,19.4,14,15.65,Playing,17/02/2024
P061,KL Rahul,2025,KKR,New Zealand,Wicket Keeper,3,14,435,14,5.34,166.5,83,25,18,10,47.41,5,10.75,Playing,5/17/2025
P113,Shubman Gill,2024,SRH,South Africa,Batter,3,7,779,92,31.61,-10,75,26,3,11.87,39.94,14,,Injured,2/11/2024
P173, MS Dhoni ,2024,Sunrisers Hyderabad,India,Batter,7,7,,42,16.56,,43,33,10,11.37,47.59,7,21.25,Playing,7/20/2023
P098,Virat Kohli,2025,Mumbai Indians,England,Wicket Keeper,1,9,410,29,22.51,,11,60,23,7.42,19.69,4,,Playing,8/4/2023
P105,MS Dhoni,2024,CSK,New Zealand,Batter,11,7,511,115,36.93,146.06,80,29,15,8.58,27.67,6,12.85,Retained,14/01/2025
P008,KL Rahul,2025,Sunrisers Hyderabad,India,Bowler,11,8,,68,34.35,-10,68,40,20,7.77,22.12,18,2.58,Retained,27/06/2024
P016,JASPRIT BUMRAH,2025,MI,India,Bowler,11,9,183,49,65.45,,85,52,30,9.85,14.73,4,,Playing,1/25/2024
P201,MS Dhoni,2025,MI,South Africa,Wicket Keeper,0,7,,136,42.96,,28,15,1,9.96,12.56,2,,Injured,5/10/2024
P131, Virat Kohli ,2024,Royal Challengers Bengaluru,India,Batter,6,4,489,65,24.8,,11,60,13,8.35,26.83,15,24.39,Released,5/2/2025
P063,MS Dhoni,2024,Sunrisers Hyderabad,Australia,Wicket Keeper,0,0,33,85,29.99,,73,35,13,4.85,37.03,12,5.73,Retained,8/20/2025
P025,Virat Kohli,2025,MI,India,Batter,10,12,694,27,50.33,350,19,44,11,6.67,14.66,3,0.64,Playing,9/12/2023
P089,MS Dhoni,2023,CSK,India,Wicket Keeper,0,2,378,138,46.84,175.65,3,12,12,3.27,23.9,1,9.56,Released,5/19/2023
P020,KL Rahul,2025,Sunrisers Hyderabad,,Bowler,1,4,417,86,14.7,-10,24,42,16,3.72,32.81,5,21.64,Playing,11/1/2023
P128,Shubman Gill,2024,Royal Challengers Bengaluru,,Batter,13,14,846,63,32.32,350,46,39,12,9.88,41.08,3,2.33,Released,8/2/2024
P217,Virat Kohli,2024,Sunrisers Hyderabad,New Zealand,Bowler,10,11,35,61,31.85,-10,96,54,22,9.2,25.59,15,24.71,Retained,24/08/2024
P034,KL Rahul,2025,Mumbai Indians,England,All-rounder,11,2,96,126,20.57,-10,87,34,27,6.02,28.02,15,,Released,21/08/2023
P074,RUTURAJ GAIKWAD,2024,Royal Challengers Bengaluru,,Bowler,13,7,94,10,58.37,,63,48,24,3.91,47.58,20,,Released,4/26/2023
P193,MS DHONI,2025,CSK,England,Batter,6,4,369,147,6.74,106.05,24,55,29,5.33,35.56,13,14.89,Retained,10/20/2023
P084,Ruturaj Gaikwad,2023,Kolkata Knight Riders,England,Wicket Keeper,2,2,710,73,9.16,-10,97,43,27,10.02,26.47,7,5.3,Retained,1/20/2024
P041,MS Dhoni,2023,Kolkata Knight Riders,New Zealand,Bowler,5,3,,39,68.77,350,31,45,19,6,43.6,20,20.07,Injured,7/21/2025
P088,HARDIK PANDYA,2024,Sunrisers Hyderabad,New Zealand,Batter,7,6,685,25,18.67,,59,16,1,6.76,28.64,14,,Injured,8/15/2025
P076,Jasprit Bumrah,2024,Royal Challengers Bengaluru,New Zealand,Wicket Keeper,2,11,,98,41.35,156.24,66,11,28,4.35,33.44,1,24.77,Injured,11/15/2023
P127,Jasprit Bumrah,2023,Mumbai Indians,,Bowler,0,11,170,24,50.27,216.15,89,59,17,9.65,33.8,6,11.18,Playing,2/18/2024
P211,VIRAT KOHLI,2023,Royal Challengers Bengaluru,South Africa,All-rounder,13,10,714,101,19.37,-10,82,10,1,4.5,21.4,11,,Injured,8/9/2025
P103, Suryakumar Yadav ,2023,RCB,Australia,Batter,11,13,463,80,32.4,350,92,49,19,4.9,31.62,16,8.24,Playing,1/14/2024
P056,Ruturaj Gaikwad,2023,Kolkata Knight Riders,England,Bowler,11,1,,122,11.64,,39,20,21,5.24,28.05,2,19.24,Injured,4/29/2025
P028,Suryakumar Yadav,2024,Mumbai Indians,India,All-rounder,11,4,741,83,64.83,350,59,26,25,10.9,28.7,19,,Retained,9/1/2025
P026,Suryakumar Yadav,2024,CSK,,Batter,1,10,,106,7.71,103.7,45,48,30,8.92,24.04,4,,Injured,31/05/2025
P062, Suryakumar Yadav ,2024,RCB,New Zealand,Wicket Keeper,0,0,745,125,18.69,,99,51,8,11.94,36.77,4,4.04,Retained,4/12/2024
P056,Ravindra Jadeja,2025,RCB,South Africa,Bowler,10,12,,120,37.2,169.38,60,1,12,11.54,16.7,12,0.87,Playing,6/25/2023
P162,MS DHONI,2025,CSK,New Zealand,Wicket Keeper,7,7,,46,50.24,350,39,45,14,7.29,10.64,11,3.34,Retained,7/21/2024
P134,Hardik Pandya,2025,Sunrisers Hyderabad,England,All-rounder,12,13,102,49,31.53,,44,4,14,10.33,13.95,0,,Released,11/25/2024
P043,Rohit Sharma,2023,MI,New Zealand,Batter,9,8,519,6,25.65,350,32,57,30,5.67,26.08,17,,Released,5/6/2023
P033, MS Dhoni ,2024,SRH,New Zealand,Bowler,6,4,,58,10.57,-10,96,38,1,10.15,11.09,7,1.83,Retained,3/7/2024
P201,Jasprit Bumrah,2025,CSK,Australia,All-rounder,10,3,810,73,21.69,175.11,96,52,18,9.11,20.16,6,,Playing,11/19/2024
P145,VIRAT KOHLI,2024,Chennai Super Kings,Australia,Wicket Keeper,10,2,748,132,66.14,109.24,0,16,1,7.8,29.43,7,14.1,Retained,4/27/2024
P147,MS DHONI,2025,RCB,India,Batter,6,3,31,55,8.1,,53,48,19,11.85,16.92,18,13.01,Injured,13/08/2024
P029,RAVINDRA JADEJA,2025,MI,New Zealand,Bowler,2,7,417,149,19.95,140.51,56,27,21,11.58,46.43,0,,Injured,14/03/2024
P204, SURYAKUMAR YADAV ,2024,Mumbai Indians,England,Bowler,10,13,871,49,16.5,,25,13,28,3.57,34.93,18,20.74,Injured,11/2/2023
P058,Ruturaj Gaikwad,2025,Chennai Super Kings,England,Bowler,4,11,191,40,64.12,350,67,15,25,4.98,42.08,5,23.96,Retained,11/1/2024
P028, Ruturaj Gaikwad ,2024,CSK,,All-rounder,8,9,,28,10.24,93.03,27,27,4,5.52,19.22,5,,Released,13/06/2025
P129, RAVINDRA JADEJA ,2023,SRH,South Africa,Bowler,13,0,195,125,62.06,350,95,7,6,3.04,26.87,13,19.23,Injured,16/07/2025
P034,Jasprit Bumrah,2024,MI,South Africa,Batter,1,0,,16,12.37,,45,30,26,6.67,34.61,19,9.54,Playing,9/10/2025
P147,Ravindra Jadeja,2025,CSK,India,Wicket Keeper,5,2,661,132,9.09,177.34,0,23,29,4.87,40.79,11,,Retained,8/8/2024
P041, MS DHONI ,2025,Kolkata Knight Riders,England,Bowler,4,8,613,64,47.11,122.84,48,32,21,7.37,47.04,10,23.64,Retained,12/29/2024
P109,JASPRIT BUMRAH,2023,RCB,New Zealand,Bowler,6,13,792,144,52.98,,69,15,10,10.9,37.32,15,2.9,Injured,7/22/2023
P185,Virat Kohli,2024,CSK,,Batter,12,3,33,90,22.4,-10,0,38,17,7.01,35.17,11,3.68,Retained,10/2/2023
P040,Virat Kohli,2025,Chennai Super Kings,New Zealand,Batter,5,13,,106,46.09,350,90,59,10,7.38,19.01,17,16.01,Released,9/5/2025
P211,KL Rahul,2025,MI,India,Bowler,6,11,440,75,31.26,91.28,82,27,23,9.14,47,1,,Playing,23/07/2025
P057, Jasprit Bumrah ,2025,Royal Challengers Bengaluru,India,Batter,14,11,,93,12.06,,37,31,3,5.7,13.67,19,8.95,Released,12/9/2025
P099, SHUBMAN GILL ,2025,Mumbai Indians,South Africa,Bowler,12,3,458,148,14.31,,91,29,20,5.94,19.11,10,1.71,Playing,8/18/2023
P151,JASPRIT BUMRAH,2023,Mumbai Indians,England,All-rounder,1,12,,114,69.37,88.9,95,15,16,9.95,25.51,11,,Playing,6/3/2023
P036,Rohit Sharma,2025,CSK,,All-rounder,1,7,,43,18.74,216.52,68,48,23,3.31,17.78,4,3.41,Released,11/11/2023
P137,Ruturaj Gaikwad,2024,Chennai Super Kings,South Africa,Bowler,13,8,359,39,79.67,,22,57,24,3.12,23.79,2,16.13,Released,4/22/2025
P150,MS Dhoni,2025,Mumbai Indians,England,Wicket Keeper,12,2,845,48,37.02,-10,33,36,20,9.48,18.84,14,18.51,Retained,1/11/2025
P206,KL Rahul,2024,Mumbai Indians,New Zealand,All-rounder,7,0,391,78,58.24,99.95,71,17,16,9.84,47.87,14,24.77,Injured,6/30/2025
P031,Hardik Pandya,2024,Sunrisers Hyderabad,Australia,Bowler,0,11,77,91,72.77,212.92,87,7,7,8.9,38.5,13,,Retained,11/17/2024
P113,RAVINDRA JADEJA,2023,Royal Challengers Bengaluru,Australia,Wicket Keeper,8,4,768,65,54.49,350,59,50,24,8.19,30.53,7,8.06,Injured,17/01/2025
P212,KL Rahul,2023,Kolkata Knight Riders,,Wicket Keeper,13,5,774,84,9.29,-10,50,29,15,5.75,48.65,5,17.01,Retained,12/1/2024
P005,Suryakumar Yadav,2025,MI,Australia,Bowler,0,7,295,123,46.97,182.17,37,25,16,5.81,41.67,11,23.02,Retained,4/30/2025
P144,Virat Kohli,2025,Kolkata Knight Riders,England,All-rounder,14,7,,115,5.42,,84,38,29,10.82,28.45,19,15.04,Playing,3/9/2024
P146,SURYAKUMAR YADAV,2024,Chennai Super Kings,England,Wicket Keeper,7,4,9,134,17.58,-10,11,42,30,11.03,28.81,6,1.17,Retained,4/24/2023
P134,JASPRIT BUMRAH,2025,CSK,Australia,Bowler,12,7,608,81,54.8,211.33,10,57,28,9.26,44.5,16,4.94,Retained,27/07/2023
P088,Hardik Pandya,2025,Kolkata Knight Riders,India,Batter,6,13,,0,68.23,-10,67,45,0,3.58,38.38,18,,Injured,5/12/2023
P036,VIRAT KOHLI,2025,Sunrisers Hyderabad,Australia,Bowler,3,12,785,61,76.57,-10,22,16,18,10.34,16.73,11,,Retained,11/4/2024
P217,Shubman Gill,2025,MI,Australia,Wicket Keeper,12,6,,146,50.81,-10,2,31,24,4.46,37.32,10,,Retained,7/18/2024
P210,Shubman Gill,2023,MI,,Batter,3,0,874,105,68.53,-10,91,24,15,4.83,17.03,0,,Injured,6/7/2025
P008,KL RAHUL,2025,RCB,New Zealand,Batter,0,0,833,14,14.4,100.09,19,6,30,11.27,26.16,18,23.93,Injured,6/2/2024
P059,Virat Kohli,2025,Sunrisers Hyderabad,Australia,Wicket Keeper,9,8,757,6,77.57,350,3,49,14,6.02,45.21,7,,Retained,4/7/2023
P048,Shubman Gill,2025,Mumbai Indians,Australia,Bowler,9,6,362,77,59.48,109.34,5,48,15,3.11,38.48,3,,Retained,4/29/2023
P091, KL RAHUL ,2025,Royal Challengers Bengaluru,England,Bowler,5,1,,117,50.64,350,36,9,6,9.47,20.01,12,17.84,Released,9/15/2023
P178, SHUBMAN GILL ,2025,Mumbai Indians,India,Batter,5,10,819,69,61.91,350,68,32,30,8.61,14.04,7,6.14,Released,2/15/2025
P008,RUTURAJ GAIKWAD,2024,MI,England,Bowler,6,10,371,16,12.77,,49,18,26,5.8,46.77,19,,Released,6/17/2023
